Price,Close,High,Low,Open,Volume
Ticker,AAPL,AAPL,AAPL,AAPL,AAPL
Date,,,,,
2020-11-16,117.10630798339844,117.77798498184063,115.01338417236556,115.7629391328116,91183000
2020-11-17,116.2204818725586,117.46649976087988,115.80189704193324,116.37623782202498,74271000
2020-11-18,114.89657592773438,116.63905646851767,114.86737354648494,115.46118005472933,76322100
2020-11-19,115.49036407470703,115.89921220090177,113.70894483319339,114.46823633236953,74113000
2020-11-20,114.22488403320312,115.6169210548832,114.17621587656545,115.49037493540368,73604300
2020-11-23,110.82754516601562,114.49746457209459,110.73020141936897,114.06914317462709,127959300
2020-11-24,112.11249542236328,112.77444325872074,109.60098679969664,110.88595091749468,113874200
2020-11-25,112.94965362548828,113.65054037325973,112.11248416863357,112.48240074487441,76499200
2020-11-27,113.49480438232422,114.3709129708123,113.1346317708944,113.47533860340312,46691300
2020-11-30,115.88948059082031,117.75850692287057,113.70894244324455,113.8646983510073,169410200
2020-12-01,119.4620590209961,120.19214819451732,116.82400436522819,117.79745659658983,127728200
2020-12-02,119.81251525878906,120.0948173273605,117.68065226704212,118.78065073270163,89004200
2020-12-03,119.67622375488281,120.493920092042,118.96560033409804,120.24082042379452,78967600
2020-12-04,119.00454711914062,119.59835363347426,118.29392365175957,119.34525394863078,78260400
2020-12-07,120.46471405029297,121.2629445857138,119.00453569816821,119.06294045566084,86712000
2020-12-08,121.0780029296875,121.66208029231422,119.82224848300353,121.06827375333532,82225500
2020-12-09,118.5470199584961,122.6063142688594,117.78772835245422,121.22401378468822,115089200
2020-12-10,119.96824645996094,120.58152609613698,116.96028274160534,117.30098952456378,81312200
2020-12-11,119.16030883789062,119.50101568391099,117.34968682549408,119.17977461758369,86939800
2020-12-14,118.5470199584961,120.07533977310263,118.31339348591051,119.3452505477775,79184500
2020-12-15,124.48507690429688,124.50455010924838,120.83463079530905,121.03905488619017,157243700
2020-12-16,124.41693115234375,124.96206204213269,123.2001158255996,124.0275561892667,98208600
2020-12-17,125.28329467773438,126.13993736355808,124.6408126633666,125.4779821462302,94359800
2020-12-18,123.29747772216797,125.67270382324948,122.77181256405065,125.53642108894336,192541500
2020-12-21,124.82579040527344,124.90366837554562,120.17268937086521,121.70100925990957,121251600
2020-12-22,128.37887573242188,130.8417085111979,126.20806671895433,128.11603948994306,168904800
2020-12-23,127.48331451416016,128.91427567105393,127.30808538342248,128.65145425550145,88223700
2020-12-24,128.46649169921875,129.91694086606563,127.61959301416368,127.83375369258947,54930100
2020-12-28,133.0612335205078,133.69397174643686,129.96564663908748,130.4329145650764,124486200
2020-12-29,131.28952026367188,135.10545188425303,130.7735916806408,134.38510661556313,121047300
2020-12-30,130.1700439453125,132.37978484573765,129.85853207666074,131.98066583416636,96452100
2020-12-31,129.16737365722656,131.16295362039511,128.22312384324488,130.52047160916396,99116600
2021-01-04,125.97449493408203,130.0629925718764,123.39484425523048,129.97538540944026,143301900
2021-01-05,127.5320053100586,128.24263632210662,125.02049610454635,125.46829078537516,97664900
2021-01-06,123.23906707763672,127.57093452826126,123.02490637051051,124.32933639261917,155088000
2021-01-07,127.44439697265625,128.1355547694855,124.46563475873127,124.95236099901199,109578200
2021-01-08,128.54437255859375,129.1089766459298,126.77268233415623,128.9142743130051,105158200
2021-01-11,125.55583953857422,126.71424983887641,125.08858671997896,125.76027100191548,100384500
2021-01-12,125.38065338134766,126.24702529391881,123.4921536305582,125.08861473418492,91951100
2021-01-13,127.41519165039062,127.9603226503501,125.07891169236268,125.34173316138947,88636800
2021-01-14,125.48770904541016,127.52222029282765,125.34168232369474,127.32753285090679,90221800
2021-01-15,123.76472473144531,126.76295959555424,123.6284420036996,125.36118590805361,111598500
2021-01-19,124.43640899658203,125.2930517717372,123.5700370457831,124.3877334109567,90757300
2021-01-20,128.52490234375,128.97269692470792,125.13729259464834,125.24437293876636,104319500
2021-01-21,133.2364044189453,135.9620736838479,130.04348223408022,130.24791374177147,120150900
2021-01-22,135.3780059814453,136.13729751698824,131.435521560002,132.66206599733243,114459400
2021-01-25,139.1258087158203,141.23819854253642,132.9151779412319,139.2718354812106,157611700
2021-01-26,139.3594512939453,140.46918645287846,137.6169631530498,139.78777273313094,98390600
2021-01-27,138.28860473632812,140.46914281583642,136.68241469205358,139.6222293773767,140843800
2021-01-28,133.45059204101562,138.22051793091006,133.07094618183902,135.8160892048896,142621100
2021-01-29,128.45675659179688,133.10985683778753,126.7532152717128,132.22401178645546,177523800
2021-02-01,130.5789031982422,131.78598951100426,127.45411448597895,130.19925735971532,106239800
2021-02-02,131.40631103515625,132.69126014883398,131.03639446508643,132.12665611956461,83305400
2021-02-03,130.3842010498047,132.16562050861145,130.0629600142458,132.15587647941985,89880900
2021-02-04,133.74261474609375,133.75234392204015,131.01694525702797,132.68155527349182,84183100
2021-02-05,133.32827758789062,133.97171978594034,132.45086722756864,133.90348403057772,75693800
2021-02-08,133.4744873046875,133.523235617583,131.53441750826036,132.61656460059567,71297200
2021-02-09,132.59707641601562,134.42016235628924,132.44110262440083,133.19177019449774,76774200
2021-02-10,131.9926300048828,133.55248682280848,131.0274669252529,133.0552748381974,73046600
2021-02-11,131.73916625976562,132.9675435248031,130.41329236021338,132.4898338171174,64280000
2021-02-12,131.97315979003906,132.12914848493614,130.33532312132203,130.9787653308469,60145100
2021-02-16,129.84783935546875,132.59706880200096,129.45786770907952,132.0901279755408,80576300
2021-02-17,127.55682373046875,128.90220010245756,126.22120594870577,127.95653915633494,97918500
2021-02-18,126.4551773071289,126.73789375549589,124.21288851935199,125.9579652802824,96856700
2021-02-19,126.6111831665039,127.43011645462201,125.56804028149355,126.97190891723642,87668800
2021-02-22,122.8382797241211,126.46493488700048,122.44831544375612,124.79783740249141,103916400
2021-02-23,122.70178985595703,123.53045927947294,115.41923371769597,120.65448673963841,158273000
2021-02-24,122.20459747314453,122.40932706149795,119.16289223137868,121.80488944958321,111039900
2021-02-25,117.9539794921875,123.28672123283567,117.51527437819725,121.55138820352438,148199500
2021-02-26,118.21722412109375,121.71713665773981,118.15872464367439,119.51384476967971,164560400
2021-03-01,124.58334350585938,124.71982986571714,119.70880940251382,120.64471905780232,116307900
2021-03-02,121.98036193847656,125.49002551913253,121.87312157746639,125.18780674062197,102260900
2021-03-03,118.99712371826172,122.55553508836154,118.78264302842219,121.67811746535834,112966300
2021-03-04,117.11555480957031,120.49848269972283,115.64345085160187,118.69490655182288,178155000
2021-03-05,118.37319946289062,118.88015523948293,114.61980921267136,117.9442454649468,153766600
2021-03-08,113.44017791748047,117.96374575469044,113.29394038143423,117.89550256292887,154376600
2021-03-09,118.05147552490234,118.99713642859442,115.80919406877891,116.04316964725494,129525800
2021-03-10,116.96932983398438,119.10437082693089,116.45262294368767,118.63641969338748,111943300
2021-03-11,118.89964294433594,120.1182765520443,118.21721109919896,119.46509072342045,103026500
2021-03-12,117.99299621582031,118.1294826044811,116.1699248367297,117.3788074668468,88105100
2021-03-15,120.87871551513672,120.88846666765528,117.39829786101335,118.36346113570012,92403800
2021-03-16,122.41905212402344,124.02764990448209,121.59038279407473,122.545787336103,115227900
2021-03-17,121.62937927246094,122.70177530738493,119.27009907008946,120.93719630957409,111932600
2021-03-18,117.50553131103516,120.08903616814248,117.3008017478915,119.79656111339463,121229700
2021-03-19,116.97908782958984,118.38295627751944,116.67686904236336,116.89134977056929,185549500
2021-03-22,120.29377746582031,120.76173611147584,117.24232114898952,117.31056434336112,111912300
2021-03-23,119.46510314941406,121.1224420531035,119.07513886679595,120.23528056214857,95467100
2021-03-24,117.07657623291016,119.81606991796893,117.05708136591241,119.73807557407793,88530500
2021-03-25,117.56401824951172,118.60717576184044,116.01391986522562,116.54037047817636,98844700
2021-03-26,118.1684799194336,118.4317089821302,115.93594193373995,117.33005928068575,94071200
2021-03-29,118.34394836425781,119.50408995901205,117.70051367598907,118.59742624167248,80819200
2021-03-30,116.89134216308594,117.37879562712054,115.87743806534003,117.09607172542653,85671900
2021-03-31,119.08489227294922,120.42051011090868,118.10998526692909,118.59743876993915,118323800
2021-04-01,119.91356658935547,121.06395720049495,119.41636191355396,120.55700880956337,75089100
2021-04-05,122.74078369140625,122.99426157524732,119.98179530076379,120.7617238181442,88651200
2021-04-06,123.04302215576172,123.93993488776351,122.49707656896946,123.32574610262222,80171300
2021-04-07,124.69059753417969,124.7100924000349,121.99985233123647,122.67254049145967,83466700
2021-04-08,127.0888671875,127.11811320514343,125.29504201784057,125.71424485466245,88844600
2021-04-09,129.66262817382812,129.70161790758218,126.22120772891054,126.54292881700623,106686700
2021-04-12,127.94679260253906,129.5163933763926,127.35209877205047,129.19467229997423,91420000
2021-04-13,131.0567169189453,131.28095619861375,128.619449864356,129.11666186406666,91266500
2021-04-14,128.71694946289062,131.6124239805342,128.35623869078685,131.55393195001986,87222800
2021-04-15,131.12498474121094,131.61243821608534,130.286564169391,130.46205515581354,89347100
2021-04-16,130.79351806640625,131.29071524829968,129.9355952026849,130.93000444237106,84922400
2021-04-19,131.45645141601562,132.07064756343885,129.99409097045535,130.15982336917756,94264200
2021-04-20,129.7698516845703,132.12912448166279,128.5024698015972,131.63192734239016,94812300
2021-04-21,130.15008544921875,130.3938122009963,128.00529300875627,129.03869205614907,68847100
2021-04-22,128.6292266845703,130.78376273570044,128.11252718583415,129.7016154150474,84566500
2021-04-23,130.9495086669922,131.72942232628785,128.84370608473515,128.84370608473515,78657500
2021-04-26,131.33946228027344,131.67092706494682,130.2085666757299,131.44670263718533,66905100
2021-04-27,131.01773071289062,132.01213986314156,130.74475798551163,131.6221681983873,66015800
2021-04-28,130.22805786132812,131.63192609526544,129.740604439872,130.93973569140266,107760100
2021-04-29,130.130615234375,133.63054355867658,129.12646195949662,133.0455932598,151101000
2021-04-30,128.1612548828125,130.20855024381436,127.78104182463377,128.47321732434253,109839500
2021-05-03,129.21417236328125,130.70579381831388,128.52199669631204,128.72671884393358,75135100
2021-05-04,124.641845703125,128.19051366277054,123.52070128030383,127.89803861753046,137564700
2021-05-05,124.88558197021484,127.17660429874773,124.75883931076572,125.9579706529646,84000900
2021-05-06,126.48445892333984,126.4942026395093,123.93994323032072,124.68087474651954,78128300
2021-05-07,127.15827178955078,128.1836509944488,126.44537008751145,127.78327149877356,78973300
2021-05-10,123.87700653076172,126.50395575349485,123.83794311938117,126.37701270502987,88071200
2021-05-11,122.95904541015625,123.31060121990447,119.89263087268371,120.60552510907532,126142800
2021-05-12,119.89263916015625,121.71881469697152,119.38482966600999,120.50787863355768,112172300
2021-05-13,122.04109191894531,123.19343667610039,121.34773301133461,121.6602329056181,105861300
2021-05-14,124.46295166015625,124.89264176534579,122.90045234662759,123.29107903765586,81918000
2021-05-17,123.31060028076172,123.95513540332345,122.2363825270762,123.8477128828965,74244600
2021-05-18,121.92388153076172,124.01372562566158,121.85552242300645,123.59380326356951,63342900
2021-05-19,121.76763153076172,121.99223682754793,119.9805196188087,120.27349147179841,92612000
2021-05-20,124.32622528076172,124.72661966171272,122.1680220813628,122.2949800317053,76857100
2021-05-21,122.49028015136719,125.00004641017311,122.27543512950636,124.82426479688547,79295400
2021-05-24,124.12113952636719,124.94145621305331,122.98833046928489,123.05668957229345,63092900
2021-05-25,123.92584228515625,125.31256736390405,123.35943397486378,124.82427842870585,72009500
2021-05-26,123.87700653076172,124.40435140852335,123.45708417165065,123.98442904941227,56575900
2021-05-27,122.34381103515625,124.6485003034277,122.14850141604893,123.476627687615,94625600
2021-05-28,121.68951416015625,122.85162649652436,121.63092276524166,122.62701373171124,71311100
2021-06-01,121.36723327636719,122.4121552577231,121.03520547415292,122.1484865589402,67637100
2021-06-02,122.12895965576172,122.30474128408406,121.14263644461568,121.3672417498929,59278900
2021-06-03,120.64458465576172,121.92387970340114,120.2441902802076,121.75786579428137,76229200
2021-06-04,122.93949127197266,123.20316740239241,120.94730225008668,121.1621472598856,75169300
2021-06-07,122.94926452636719,123.3594191359653,121.90434257301015,123.21293321808503,71057600
2021-06-08,123.76958465576172,125.44928155152503,123.2520074907996,123.63286644051075,74403800
2021-06-09,124.15044403076172,124.75591573650723,123.55474004059155,124.22857085419675,56877900
2021-06-10,123.15435791015625,125.18561069515118,122.98834399182276,124.04302634697638,71186400
2021-06-11,124.36528015136719,124.45317468407444,123.14457656242446,123.5644988950441,53522400
2021-06-14,127.4218978881836,127.48048926644081,124.09182293027956,124.82424496082358,96906500
2021-06-15,126.60160064697266,127.53910749038236,126.35745994725994,126.89457246686105,62746300
2021-06-16,127.09963989257812,127.82230171440264,125.44926131088909,127.31448489633229,91815000
2021-06-17,128.7012176513672,129.44341498990488,126.61137364763495,126.75786702289925,96721700
2021-06-18,127.40241241455078,128.42779161848907,127.18756736772201,127.64655315856818,108953300
2021-06-21,129.19924926757812,129.30667176152045,126.1816740756951,127.24612385129173,79663300
2021-06-22,130.83987426757812,130.93753650393603,128.5351855604838,129.03324210427792,74783600
2021-06-23,130.5664520263672,131.171931135257,130.10746628787817,130.63481857945425,60214200
2021-06-24,130.2832794189453,131.4844477920528,129.8145184284701,131.29889842930257,68711000
2021-06-25,129.99026489257812,130.7519826258196,129.6972930949088,130.33206780671978,70783700
2021-06-28,131.6211700439453,132.08015588124547,130.2246919993891,130.28328339969636,62111300
2021-06-29,133.13482666015625,133.29108030597018,131.20123622200433,131.64068656233414,64556100
2021-06-30,133.75006103515625,134.1895113589195,132.68559615169934,132.9785680012639,63261400
2021-07-01,134.05279541015625,134.11138680082388,132.5781758729055,133.39850004575504,52485800
2021-07-02,136.6797637939453,136.71881975736173,134.52155301126126,134.66803150053377,78852600
2021-07-06,138.69146728515625,139.79497322979873,136.78717260963688,136.78717260963688,108181800
2021-07-07,141.18173217773438,141.4942246159424,139.31649311139282,140.17585849234243,104911600
2021-07-08,139.8828887939453,140.68366270138483,137.37311474377276,138.2617906456667,105575500
2021-07-09,141.70904541015625,142.2363828285555,139.30669407903906,139.4043563311566,99890800
2021-07-12,141.11331176757812,142.8906630545107,140.62503041198096,142.78324056023274,76299700
2021-07-13,142.22662353515625,144.00397520789517,140.2637374239949,140.65435663279786,100827100
2021-07-14,145.6543426513672,146.0645121600824,144.2187940743634,144.62896358307862,127050800
2021-07-15,145.00006103515625,146.48444087501676,143.64263914576114,145.74225840567044,106820300
2021-07-16,142.95904541015625,146.25005768557594,142.46100368486307,144.98053780920102,93251400
2021-07-19,139.11138916015625,140.69343127095988,138.34967125172668,140.38092397459488,121434600
2021-07-20,142.72467041015625,143.6524171415738,139.6094470898314,140.097728569033,96350000
2021-07-21,141.99224853515625,142.7051502253578,141.24030578420624,142.11920648842988,74993500
2021-07-22,143.35943603515625,144.72661812834664,142.39263340422124,142.5195913490058,77338200
2021-07-23,145.07815551757812,145.23440912929303,143.47659325041192,144.09183253331145,71447400
2021-07-26,145.4980926513672,146.31840180292855,144.23831833181586,144.79496626398165,72434100
2021-07-27,143.3301239013672,145.71293947720633,142.13871611344763,145.62503750180875,104818600
2021-07-28,141.5821075439453,143.52547338784896,139.19929130551824,141.41609361273288,118931200
2021-07-29,142.22662353515625,143.1152993715257,141.1914692207776,141.29889173837356,56699500
2021-07-30,142.44146728515625,142.90045304700064,140.73248218501953,140.99615834422465,70440600
2021-08-02,142.10943603515625,143.50591381637727,141.8457598823253,142.92974528711127,62880000
2021-08-03,143.9062957763672,144.5703513322944,141.77738110937673,142.39262044590672,64786600
2021-08-04,143.5059051513672,144.32621435379124,142.85160984220758,143.81841241009994,56368300
2021-08-05,143.61337280273438,144.37509085887814,142.7442322052795,143.53524596349257,46397700
2021-08-06,142.92874145507812,143.87742801771682,142.42995348932268,143.1341335136214,54126800
2021-08-09,142.8798065185547,143.47640294108896,142.3223394909196,142.9873899692901,48908700
2021-08-10,142.4005889892578,144.46422440880676,142.1071782098756,143.22212723273427,69023100
2021-08-11,142.65487670898438,143.4959796880464,142.33212632967644,142.84070404163072,48493500
2021-08-12,145.61825561523438,145.7747433193376,142.6352740460304,142.97758903332007,72282600
2021-08-13,145.82366943359375,146.15619466200167,145.01190613589833,145.69652128952967,59375000
2021-08-16,147.79930114746094,147.8677701385214,143.25148569982673,145.27599198977236,103296000
2021-08-17,146.88975524902344,148.3470047149868,145.8139204751284,146.92886973012176,92229700
2021-08-18,143.1438751220703,147.40806875624398,142.9384831112802,146.50828669516952,86326000
2021-08-19,143.47640991210938,144.74784668525945,141.32475571635126,141.8431082977637,86960300
2021-08-20,144.9336700439453,145.23685570513334,143.55464985258175,144.20015057068707,60549600
2021-08-23,146.42027282714844,146.8897211086949,144.6402584192349,145.05102753102452,60131800
2021-08-24,146.33224487304688,147.54500248159704,145.8725714606484,146.1659822444016,48606400
2021-08-25,145.0999755859375,147.01691360939662,144.5522832716624,146.51811066900615,58991300
2021-08-26,144.29795837402344,145.84324134015625,144.26861878609316,145.09017201862116,48597200
2021-08-27,145.334716796875,145.4814147751485,143.6036060357612,144.23931717294278,55802400
2021-08-30,149.75534057617188,150.11722035437248,145.344448563989,145.7258781178275,90956700
2021-08-31,148.4936981201172,149.4423845898935,147.9655556918431,149.30546153876566,86453100
2021-09-01,149.15872192382812,151.57444704677317,148.9924593146708,149.47169736941174,80313700
2021-09-02,150.27369689941406,151.32019193818465,149.05116433458483,150.48886382470346,71115500
2021-09-03,150.90940856933594,151.2321589268622,149.72599059173956,150.38126619393228,57808700
2021-09-07,153.24691772460938,153.80438486222874,150.99745462583329,151.5647115758547,82278300
2021-09-08,151.7016143798828,153.58919740809037,150.59644021764143,153.53051823549217,74420200
2021-09-09,150.68446350097656,152.6796298490877,150.56709024038778,152.0732585427631,57305700
2021-09-10,145.69654846191406,152.06349296335642,145.43247723787448,151.59404461667017,140893200
2021-09-13,146.26377868652344,148.09268237347644,145.48135496921765,147.32004846636258,102404300
2021-09-14,144.865234375,147.75042357206001,143.6818310431746,147.0462435219262,109296300
2021-09-15,145.75521850585938,146.1562127610325,143.15366567640987,145.29554507646444,83281300
2021-09-16,145.5205078125,145.6965602839762,143.98501448007158,145.1782076058161,68034100
2021-09-17,142.8505096435547,145.54987160597395,142.5570987880531,145.54987160597395,129868800
2021-09-20,139.79901123046875,141.65725429424177,138.1657099237128,140.64011402136896,123478900
2021-09-21,140.27828979492188,141.42259357419263,139.64257873843403,140.76730289175725,75834000
2021-09-22,142.6450958251953,143.21233776359767,140.54233100418216,141.27585049264187,76404300
2021-09-23,143.60357666015625,143.84808318959392,142.43972319227385,143.42752419874412,64838200
2021-09-24,143.69158935546875,144.22950668219346,142.3614732946102,142.45928187164873,53477900
2021-09-27,142.1756591796875,142.75270596031078,140.65973055901063,142.27346776582567,74150700
2021-09-28,138.79165649414062,141.5692464173405,138.57648960622467,140.10220759436288,108972300
2021-09-29,139.69146728515625,141.2758647647725,138.90904343372455,139.33937729818666,74602000
2021-09-30,138.3907012939453,141.20742140322028,138.17553434540375,140.50324137590155,89056700
2021-10-01,139.51541137695312,139.77948259151805,136.0532056936857,138.7818918325454,94639600
2021-10-04,136.08255004882812,139.08509731906585,135.23167212302508,138.6449736382081,98322000
2021-10-05,138.00924682617188,139.11442096062234,136.2977013587978,136.42484951189164,80861100
2021-10-06,138.87966918945312,139.0263670959615,135.32943061705103,136.4052650097456,83221100
2021-10-07,140.141357421875,141.05092948182715,139.58389028870607,139.91641559084152,61732700
2021-10-08,139.75990295410156,141.01177498221017,139.42737771114903,140.86507705840515,58773200
2021-10-11,139.67185974121094,141.62791130803356,138.69383395779963,139.14373238450403,64452200
2021-10-12,138.40048217773438,140.1022531380476,137.94080866989395,140.08268843547052,73035900
2021-10-13,137.8136749267578,138.29289821199288,136.14124356444967,138.1364253624136,78762700
2021-10-14,140.60101318359375,140.71838645223315,138.4004546711347,138.98727624385413,69907100
2021-10-15,141.65728759765625,141.71596677210917,140.35651117780878,140.61080749842878,67940300
2021-10-18,143.3297119140625,143.61333288501362,140.0142044027078,140.2978253736589,85589200
2021-10-19,145.4911651611328,145.89215946553824,143.32973571996214,143.77961939322623,76378900
2021-10-20,145.9801788330078,146.45941702243417,144.86522961087866,145.43248657280327,58418800
2021-10-21,146.19529724121094,146.35178495602463,144.62067505418665,145.54002172435474,61421000
2021-10-22,145.42271423339844,146.8799636819581,145.37380993998815,146.40074040762428,58883400
2021-10-25,145.373779296875,146.08773407498782,144.3761886308666,145.4128937692613,50720600
2021-10-26,146.03887939453125,147.5254684740955,145.73567873669694,146.04865428407604,60893400
2021-10-27,145.57919311523438,146.43984594803317,145.22710311706854,146.07798106118008,56094900
2021-10-28,149.21746826171875,149.80427504242536,146.43008755200083,146.52789614386654,100077900
2021-10-29,146.50827026367188,146.6451932810117,143.19276334341706,143.98496186684676,124953200
2021-11-01,145.686767578125,146.4104973070888,144.55225377378474,145.71610716586716,74588300
2021-11-02,146.72348022460938,148.23942366972244,145.38357431484795,145.39336412691904,69122000
2021-11-03,148.1611785888672,148.63062693615777,146.52787680010098,147.08534391435344,54511500
2021-11-04,147.642822265625,149.0805068605867,147.32984675958332,148.24919365421385,60394600
2021-11-05,148.17169189453125,149.07278712412187,146.976757690118,148.76915899673787,65463900
2021-11-08,147.34901428222656,148.45580172515668,147.0747684469429,148.29908554920112,55020900
2021-11-09,147.7113800048828,148.3186363926463,146.97678987957883,147.1139127718246,56787900
2021-11-10,144.88075256347656,147.04535126438861,144.81219859350324,146.93761078705322,65187100
2021-11-11,144.831787109375,146.35973220816493,144.64568854947308,145.89940280376894,41000000
2021-11-12,146.90823364257812,147.3097982131486,144.449795829464,145.38027365145768,63804000
2021-11-15,146.9180145263672,148.7593917575851,146.3597188974358,147.28040751304476,59222800
2021-11-16,147.89744567871094,148.37738316750236,146.2715496426627,146.8592275903554,59256200
2021-11-17,150.33628845214844,151.81525751603942,147.88765526640586,147.8974444188513,88807000
2021-11-18,154.6263427734375,155.4099086816335,149.90538395715868,150.55182695231613,137827700
2021-11-19,157.25125122070312,157.71159552855715,153.31384424629613,154.41082730572364,117305600
2021-11-22,157.7115936279297,162.29542845267346,157.69200037488366,158.3580215257173,117467900
2021-11-23,158.09356689453125,158.47555309859132,155.79184557181551,157.80951705712113,96041900
2021-11-24,158.61268615722656,158.8085738483819,156.35994034575776,157.4471342187338,69463600
2021-11-26,153.5880889892578,157.15329885394945,153.14733793761846,156.2913900038225,76959800
2021-11-29,156.9476318359375,157.87810965774673,155.5274123262941,156.09549714109664,88748200
2021-11-30,161.90365600585938,162.11913695746247,156.6341917361946,156.7027606504653,174048100
2021-12-01,161.384521484375,166.80089693903759,161.14944731636166,164.03883150964717,152052500
2021-12-02,160.39523315429688,160.82619490652672,154.55770108846033,155.47838938726625,136739200
2021-12-03,158.5147705078125,161.5706759695091,156.43833361283723,160.64998717410649,118023100
2021-12-06,161.9232177734375,164.43061569150498,160.90457802842855,160.91436718058944,107497000
2021-12-07,167.662841796875,168.05463216133037,164.881197462976,165.60599842826275,120405400
2021-12-08,171.48272705078125,172.34465094582615,167.19271577624858,168.59334210569654,116998900
2021-12-09,170.97337341308594,173.11837862863902,170.3465238704593,171.3161880617465,108923700
2021-12-10,175.7628936767578,175.93920304428585,171.1007012965135,171.6100212029294,115402700
2021-12-13,172.129150390625,178.38785718223016,171.9234585953343,177.39859965742585,153237000
2021-12-14,170.74810791015625,174.08804749115933,168.67167154672788,171.64920321778123,139380400
2021-12-15,175.61602783203125,175.81191555668835,168.76964200749114,171.51211498851686,131063300
2021-12-16,168.72067260742188,177.4182254018164,167.2417030442552,175.59644109880878,150185800
2021-12-17,167.62368774414062,169.90581641519873,166.2034830196523,166.43854231760713,195432700
2021-12-20,166.26220703125,167.07515510943043,164.01926542394992,164.82240940360504,107499100
2021-12-21,169.43563842773438,169.6413152594918,165.64514384449987,168.03501238197,91185900
2021-12-22,172.0312042236328,172.24668517933623,168.6129062856775,169.48461926274177,92135300
2021-12-23,172.65805053710938,173.21634616947264,171.66880794684926,172.23689273327608,68356600
2021-12-27,176.6248321533203,176.71297937182496,173.4318194724349,173.4513977796986,74919600
2021-12-28,175.60618591308594,177.60427913199814,174.86180674158715,176.4583204970068,79144300
2021-12-29,175.69435119628906,176.91866791508298,174.4798236309474,175.6453755384828,62348900
2021-12-30,174.53860473632812,176.85991961465393,174.4308642572052,175.78251482342475,59773000
2021-12-31,173.92152404785156,175.54740511503024,173.6178809806125,174.43082898683727,64062300
2022-01-03,178.2703399658203,179.12247473962424,174.058701545752,174.17623119236956,104487900
2022-01-04,176.00779724121094,179.1812320747434,175.43971239750775,178.8776038701533,99310400
2022-01-05,171.32598876953125,176.46811917460536,171.0517430102158,175.91962765597447,94537600
2022-01-06,168.46597290039062,171.6981718811385,168.11336910348592,169.15158724290762,96904000
2022-01-07,168.6325225830078,170.56204734848285,167.51594608963487,169.33773036253552,86709100
2022-01-10,168.652099609375,168.95572780142643,164.7146923768041,165.60599864366586,106765600
2022-01-11,171.48272705078125,171.58066343731596,167.3102603634751,168.77944066896987,76138300
2022-01-12,171.9234619140625,173.53955411934612,171.22805833783443,172.50133585944042,74805200
2022-01-13,168.652099609375,172.9910714162829,168.26030924441002,172.16833406776786,84505800
2022-01-14,169.51400756835938,170.20941111487983,167.57467907053888,167.81954242119846,80440800
2022-01-18,166.3112030029297,168.99489595879072,165.9292167455851,167.9860600754121,90956700
2022-01-19,162.81454467773438,167.56489994287205,162.53050974989438,166.50708841129685,94815000
2022-01-20,161.12986755371094,166.19363965286126,160.8066461501134,163.54911855874857,91420500
2022-01-21,159.0730438232422,162.91249968467412,158.965303342259,161.04173994454513,122848900
2022-01-24,158.29930114746094,158.96533743052825,151.5214833824531,156.7321842051612,162294600
2022-01-25,156.49708557128906,159.41585293852967,153.79379917867107,155.7135197495045,115798400
2022-01-26,156.408935546875,161.01236411791442,154.5773622405594,160.14065107987773,108275300
2022-01-27,155.94857788085938,160.47364799025604,155.02788925620197,159.11220830674253,121954600
2022-01-28,166.83030700683594,166.8499002604039,159.4550237648548,162.30523687541563,179935700
2022-01-31,171.18887329101562,171.4043542462614,166.02714940989443,166.66380312140188,115541600
2022-02-01,171.02239990234375,171.24767005384436,168.76965355150836,170.43472174289926,86213900
2022-02-02,172.22711181640625,172.26629832848187,169.76868874093756,171.1595110141142,84914300
2022-02-03,169.3474884033203,172.618874147118,168.58351594007854,170.89502658265624,89418100
2022-02-04,169.06309509277344,170.74010088602927,167.3860892995176,168.3667905913057,82465400
2022-02-07,168.3472137451172,170.59301347126842,167.65090913443373,169.52405248698778,77251200
2022-02-08,171.45603942871094,171.96600838202775,168.12164545926012,168.41585889249356,74829200
2022-02-09,172.87802124023438,173.2408759269309,171.5246486789991,172.65246413479986,71285000
2022-02-10,168.7982940673828,172.09345086021537,168.23930213729957,170.77931477893978,90865900
2022-02-11,165.38548278808594,169.7397993797007,164.79705596488338,169.0042733328554,98670700
2022-02-14,165.620849609375,166.3073375649639,163.34561528306318,164.1399809862671,86185500
2022-02-15,169.45538330078125,169.61229911156767,166.96440840288716,167.67051458711066,62527400
2022-02-16,169.22003173828125,169.99477926994211,166.76827820676257,168.5335437423192,61177400
2022-02-17,165.620849609375,168.59237351767158,165.21875846241755,167.7293515367512,69589300
2022-02-18,164.07131958007812,167.24878200376986,162.98274061084325,166.5426908818598,82772700
2022-02-22,161.1488494873047,163.4731068473456,159.02071443579257,161.79610099125685,91162800
2022-02-23,156.9808807373047,162.94353209804362,156.66704910552062,162.3453036437316,90009200
2022-02-24,159.5993194580078,159.70719718910948,149.06658313119078,149.6353916256984,141147500
2022-02-25,161.6686248779297,161.9334034703252,157.76542269815738,160.6781069290293,91974200
2022-02-28,161.9333953857422,162.22760877136363,159.2953064697166,159.91315308309024,95056600
2022-03-01,160.05044555664062,163.3848388800103,158.84418717486,161.52149747345592,83474400
2022-03-02,163.3456268310547,164.1301909633288,159.80529409089044,161.2175065361206,79724800
2022-03-03,163.02198791503906,165.6502754224143,162.35511815252505,165.21876441640376,76678400
2022-03-04,160.02101135253906,162.3550849729684,158.9716688608393,161.31554410601458,83737200
2022-03-07,156.2257080078125,161.8353202073776,155.9707161123603,160.2073525837716,96418800
2022-03-08,154.40162658691406,159.73664445127486,152.7932769334802,155.75499927047608,131148300
2022-03-09,159.80526733398438,160.25639649791017,156.33359145766846,158.36363528455044,91454900
2022-03-10,155.4607696533203,157.29467624132576,152.96978004521466,157.10834060556428,105342000
2022-03-11,151.743896484375,156.20609005481433,151.51833939243923,155.8628386400447,96970100
2022-03-14,147.7132110595703,151.14566528522778,147.2032572060636,148.52719485737234,108732100
2022-03-15,152.09693908691406,152.56768641731915,147.4778450101939,147.98779883833126,92964300
2022-03-16,156.51010131835938,156.9121924028267,151.47911432517643,154.01912684826212,102300200
2022-03-17,157.5202178955078,157.8928891304827,154.58793096024448,155.54901392146604,75615400
2022-03-18,160.81541442871094,161.30576513800085,156.6768532451588,157.41237930909367,123511700
2022-03-21,162.18838500976562,163.13966646337798,159.8641127641069,160.3544634117704,95811400
2022-03-22,165.56202697753906,166.1504388725233,161.72748069331104,162.31589258829527,81532000
2022-03-23,166.92518615722656,169.30828329467843,164.41457808924804,164.74802792669965,98062700
2022-03-24,170.71072387695312,170.77936520315754,166.92521534226765,167.758802670852,90131400
2022-03-25,171.34814453125,171.89733490405604,169.4161616355689,170.52435897204094,80546200
2022-03-28,172.21116638183594,172.33864738407132,168.68063546771577,168.84735290472764,90371900
2022-03-29,175.50631713867188,175.55534023387025,172.93686947046768,173.28012092274494,100589400
2022-03-30,174.33926391601562,176.14375060919454,173.28990640459241,175.1042096873483,92633200
2022-03-31,171.24029541015625,174.59429285993158,171.0343415037647,174.40795717422444,103049300
2022-04-01,170.94602966308594,171.5050365492017,168.62177252764585,170.6714345147771,78751300
2022-04-04,174.996337890625,175.04537594723365,171.07353279095375,171.2010287452735,76468400
2022-04-05,171.6815643310547,174.85904187741096,171.05391610805626,174.0744778575844,73401800
2022-04-06,168.51390075683594,170.27916603294383,166.8467115933005,169.0336712319797,89058800
2022-04-07,168.8179473876953,170.01440435655695,166.57214764639596,167.85686415452201,77594700
2022-04-08,166.80746459960938,168.46485203266047,165.93464112451483,168.46485203266047,76575500
2022-04-11,162.55123901367188,165.76793805160875,162.306063690876,165.4541214198734,72246700
2022-04-12,164.42437744140625,166.59171885387798,163.4240579625581,164.77743049486364,79265200
2022-04-13,167.11151123046875,167.73915952284898,163.55157535283024,164.1596054273598,70618900
2022-04-14,162.10008239746094,167.96468590036903,161.8549071161648,167.3272211904121,75329400
2022-04-18,161.88436889648438,163.38484067093813,160.41331696354428,160.75655343597518,69023900
2022-04-19,164.16941833496094,164.58132611655063,160.74677981846057,161.8353590370808,67723800
2022-04-20,164.00270080566406,165.62086719167417,162.89451833268143,165.50317284085372,67929800
2022-04-21,163.20831298828125,168.21969736612456,162.70816069883412,165.65026467883652,87227800
2022-04-22,158.66766357421875,164.63032953066207,158.38326676927218,163.24755201100473,84882400
2022-04-25,159.73663330078125,160.0210300948507,155.40193532965264,158.01058942731927,96046400
2022-04-26,153.77398681640625,159.20706614015833,153.69552890649263,159.11880660312406,95623200
2022-04-27,153.54840087890625,156.70624511583344,152.38136400484169,152.9011344667558,88063200
2022-04-28,160.48199462890625,161.34501674699274,155.86288392873374,156.17671559506246,130216800
2022-04-29,154.60755920410156,162.9925585964128,154.21528465651994,158.7167001847882,131747600
2022-05-02,154.9115753173828,155.17635387935172,150.31208408187865,153.68569876055605,123055300
2022-05-03,156.4022216796875,157.6084949183751,153.3032172904116,155.09788730053197,88966500
2022-05-04,162.8160400390625,163.26715427373458,156.18648942865437,156.58858056796436,108256500
2022-05-05,153.74456787109375,160.91349295341686,151.9596840798174,160.68793581379188,130525300
2022-05-06,154.47132873535156,156.59275954886184,151.42668182783396,153.22400390708842,116124600
2022-05-09,149.3445587158203,153.0472394567593,148.7847453865434,152.1633023773659,131577900
2022-05-10,151.75079345703125,153.9409814618481,150.19900690567323,152.74276671948687,115366700
2022-05-11,143.8838348388672,152.67400468671187,143.20615431110124,150.75883036017825,142689800
2022-05-12,140.01417541503906,143.58917206052791,136.32132651313492,140.22043185006495,182602000
2022-05-13,144.48294067382812,145.45526685384394,140.55437184575726,142.00793811597927,113990900
2022-05-16,142.9409637451172,144.88561601712348,141.60524980458257,142.95079475797485,86643800
2022-05-17,146.57489013671875,147.0954242427805,144.06059381103506,146.20167134886358,78336300
2022-05-18,138.30526733398438,144.72847052072004,137.4016833512006,144.2275834099531,109742900
2022-05-19,134.8972625732422,139.13029385475133,134.1606557844978,137.38208160836896,136095600
2022-05-20,135.13294982910156,138.18741285426975,130.24188557508393,136.60616321771064,137426100
2022-05-23,140.5543670654297,140.70168239695178,135.19186420352216,135.3293635083762,117726300
2022-05-24,137.85348510742188,139.43473470985077,134.87759532556828,138.29544611720485,104132700
2022-05-25,138.01063537597656,139.25794526331134,135.86955744381711,135.95794665102005,92482700
2022-05-26,141.21241760253906,141.7624148884754,134.69099338044722,134.93652895354754,90601500
2022-05-27,146.9677734375,147.00705253559786,142.66598536012808,142.79366865497497,90978500
2022-05-31,146.1820526123047,147.9695587462053,144.21776806233134,146.40795612568894,103718400
2022-06-01,146.0543670654297,149.03025660842948,145.04274685421817,147.2231036462002,74286600
2022-06-02,148.5097198486328,148.5686459793301,144.2373955374819,145.1900746138875,72348100
2022-06-03,142.7838134765625,145.32755774395642,141.88024460504298,144.27665857578705,88570300
2022-06-06,143.5302734375,145.91688699135824,142.31241160472894,144.40437947478588,71598400
2022-06-07,146.0543670654297,146.33918169758047,141.52669111278408,141.77222665254513,67808200
2022-06-08,145.31776428222656,147.19364446593215,144.82669318974126,145.92668764129223,53950200
2022-06-09,140.0927734375,145.3079465173713,139.98473718785118,144.45348753415902,69473000
2022-06-10,134.68113708496094,138.24630234976115,134.6123799516252,137.7748783865218,91437900
2022-06-13,129.52487182617188,132.78557497158653,129.09272701485654,130.49718266533606,122207100
2022-06-14,130.38917541503906,131.49900074632365,129.13203476822937,130.7525781704987,84784300
2022-06-15,133.01150512695312,134.88740024350506,129.79991106375064,131.8918636674431,91533000
2022-06-16,127.7374038696289,130.0257968459268,126.7356146942801,129.72133518143346,108123900
2022-06-17,129.2106170654297,130.70347730890373,127.49186832675026,127.747234873443,134520300
2022-06-21,133.4436798095703,134.61243163462674,130.93922874022462,131.03743398602646,81000500
2022-06-22,132.93295288085938,135.29990419534238,131.51866571381353,132.38294065988546,73409200
2022-06-23,135.8008270263672,136.11510478571114,133.20797181999205,134.37672361512418,72433800
2022-06-24,139.13027954101562,139.375815112003,137.27403122380292,137.40169953003104,89116800
2022-06-27,139.13027954101562,140.92760171899965,138.45259896728206,140.15170092235036,70207900
2022-06-28,134.98562622070312,140.85883237422544,134.86777395244602,139.59187553155968,67083400
2022-06-29,136.74366760253906,138.15795490582852,134.22938572393656,135.0052865296894,66242400
2022-06-30,134.27847290039062,135.89900141660408,131.38115662088498,134.79900702917675,98964500
2022-07-01,136.44898986816406,136.55702609474315,133.2373961064284,133.6105999003664,71051600
2022-07-05,139.0320281982422,139.08113829870763,134.48470564577644,135.30971636921956,73353800
2022-07-06,140.3677520751953,141.54631963942614,138.56061414428805,138.82579671678738,74064300
2022-07-07,143.73651123046875,143.93293666537267,140.72132760332855,140.7311436298687,66253700
2022-07-08,144.4141845703125,144.91508669074653,142.41062104747897,142.66597262808202,64547800
2022-07-11,142.28297424316406,144.0213706040194,141.21244255201725,143.06869121316626,63141600
2022-07-12,143.25527954101562,145.79902455570198,142.45974665881124,143.15705931439427,77588800
2022-07-13,142.89183044433594,143.83467827613066,139.5820020502314,140.436475694022,71185600
2022-07-14,145.81863403320312,146.29005802967413,140.6918512393976,141.50703095418416,78140700
2022-07-15,147.48829650878906,148.16597704358819,145.55347512166446,147.1052616395071,76259900
2022-07-18,144.4436798095703,148.86332029894717,144.08027695642463,148.04814036588357,81420900
2022-07-19,148.303466796875,148.52935529848105,144.28650894193657,145.27846713272842,82982400
2022-07-20,150.3070526123047,150.9749171763546,147.6847344414976,148.42134117440867,64823400
2022-07-21,152.5758514404297,152.79192400076386,149.22674174155634,151.7410242767472,65086600
2022-07-22,151.3383026123047,153.48919663577172,150.6704530452512,152.61509059283281,66675400
2022-07-25,150.21865844726562,152.27133221190695,149.56062491925485,151.2597268643066,53623900
2022-07-26,148.89279174804688,150.35617431230574,148.1070748417966,149.54099433337262,55138700
2022-07-27,153.9901123046875,154.52047763435658,149.4428028289369,149.85530087073235,78620700
2022-07-28,154.54006958007812,154.82488420275592,151.65256933071927,154.17666680263463,81378700
2022-07-29,159.60792541503906,160.70793488273625,156.65168275313596,158.3606155964203,101786900
2022-08-01,158.62576293945312,160.6686202770066,158.01683964165412,158.13469189637678,67829400
2022-08-02,157.15252685546875,159.50967650971342,156.77932310792664,157.24093101989675,59907000
2022-08-03,163.16329956054688,163.61507661089456,157.87936937014717,157.96775857743674,82507500
2022-08-04,162.84902954101562,164.20439085358342,161.49366822844783,163.04545502447235,55474100
2022-08-05,162.62283325195312,163.11458658503176,160.31158658363523,160.5181295866614,56697000
2022-08-08,162.15074157714844,165.04225361834065,161.4917939022086,163.62600159758355,60276900
2022-08-09,162.1998748779297,163.0850396486981,160.5574209787257,161.31472511427808,63135500
2022-08-10,166.4486541748047,166.54699582568117,164.14723743893427,164.91437134851807,70170500
2022-08-11,165.71099853515625,168.16976453213817,165.41594361409508,167.25509577756023,57149200
2022-08-12,169.26145935058594,169.33029699566112,166.60598003496278,167.01906593388134,68039400
2022-08-15,170.33348083496094,170.5301791193321,168.52383260735886,168.6910268994302,54091700
2022-08-16,170.17613220214844,170.84492444042124,168.82873307006977,169.93025557179138,56377100
2022-08-17,171.67108154296875,173.24468311255228,169.72374265981617,169.92044098012414,79542000
2022-08-18,171.2776641845703,172.01529411647135,170.26465361199578,170.88426755707084,62290100
2022-08-19,168.69100952148438,170.8743947694491,168.48446658954583,170.17609867368276,70346300
2022-08-22,164.80618286132812,167.05840602639253,164.38326728455968,166.89121173091766,69026800
2022-08-23,164.47178649902344,165.92738691269662,163.90135093265715,164.32426652803133,54147100
2022-08-24,164.76681518554688,165.33725066099007,163.50792827667766,164.56028725907692,53841500
2022-08-25,167.2256317138672,167.33381804385021,165.57334777280303,165.99624842184198,51218200
2022-08-26,160.92129516601562,168.2287547406751,160.86228718946123,167.75667592112484,78961000
2022-08-29,158.71826171875,160.2131805859094,157.18399419307175,158.49204445005722,73314000
2022-08-30,156.2890167236328,159.87880933569366,155.118641623387,159.45590875707995,77906200
2022-08-31,154.6268768310547,157.9314589229971,154.54819451849457,157.66590799399623,87991100
2022-09-01,155.35467529296875,155.8070798264191,152.11893087993334,154.05643966038986,74229900
2022-09-02,153.24014282226562,157.71510032446895,152.41400097767612,157.11516076913463,76957800
2022-09-06,151.9812469482422,154.4990209999667,151.15510515135455,153.88925181756636,73714800
2022-09-07,153.38768005371094,154.08596126340717,151.07643378022465,152.26648324611122,87449600
2022-09-08,151.9123992919922,153.78105537712216,150.1617441609201,152.08942323375317,84923800
2022-09-09,154.7744140625,155.21700399593914,152.19763181879884,152.9057577037595,68028800
2022-09-12,160.7344512939453,161.5507634451195,156.67257987610813,156.9577901423654,104956000
2022-09-13,151.30264282226562,157.89213365235918,150.84039354694787,157.26269006575274,122656600
2022-09-14,152.7483673095703,154.50885206267736,151.07640953249754,152.2369398106262,87965400
2022-09-15,149.85687255859375,152.67954626691656,148.88321078041434,152.09926605765543,90481100
2022-09-16,148.2144317626953,148.85372001445614,145.92285973622464,148.71602969989698,162278800
2022-09-19,151.9320526123047,152.01073491901784,146.64079879810572,146.84732672200167,81474200
2022-09-20,154.3121795654297,155.47272515734463,150.5551921564435,150.8699064647989,107689800
2022-09-21,151.18463134765625,156.12183853779936,151.06661536137307,154.74492033364538,101696800
2022-09-22,150.22076416015625,151.92222593073575,148.42094575247768,149.86670127656183,86652500
2022-09-23,147.94886779785156,148.97172290795524,146.10971554201328,148.69634230303134,96029900
2022-09-26,148.28329467773438,151.23381448556898,147.171927414505,147.19160174855077,93339400
2022-09-27,149.2569580078125,152.16814418194363,147.47681344155066,150.22080529252614,84442700
2022-09-28,147.3686065673828,148.1554147485666,142.45107419388137,145.20489532446575,146691400
2022-09-29,140.1300048828125,144.30007793360352,138.35969014393336,143.69030869298015,128138200
2022-09-30,135.92059326171875,140.739784043771,135.72389496609006,138.9497950371784,124925300
2022-10-03,140.10049438476562,140.71027860420344,135.41900896557823,135.93043653465315,114311700
2022-10-04,143.6903076171875,143.80832359652302,141.88064422703837,142.6379484443843,87830100
2022-10-05,143.98532104492188,144.94916805569278,140.65123517873155,141.69376449693982,79471000
2022-10-06,143.03135681152344,145.1065563258667,142.82482883069895,143.40509411965112,68402200
2022-10-07,137.7794189453125,140.73978304959337,137.1499753994762,140.18900681575843,85925600
2022-10-10,138.10397338867188,139.5497290653031,136.28449546728626,138.10397338867188,74899000
2022-10-11,136.68772888183594,139.0186494867963,135.9402693459634,137.5925530590874,77033700
2022-10-12,136.0582733154297,138.04496046792565,135.88124936484056,136.8352517842159,70433700
2022-10-13,140.631591796875,141.22168665886508,132.15375604675947,132.76354024673512,113224000
2022-10-14,136.09764099121094,142.1363705990491,135.9107723458466,141.92982762072035,88598000
2022-10-17,140.06118774414062,140.5430964053638,137.95648408162927,138.74329241493984,85250900
2022-10-18,141.37908935546875,144.28043114429582,138.2908788908759,143.0903964309265,99136600
2022-10-19,141.48724365234375,142.55926212019432,139.16616774549112,139.35303637893844,61758300
2022-10-20,141.02499389648438,143.4837601022304,140.29719369702107,140.6611013003117,64522000
2022-10-21,144.84097290039062,145.41140833908693,140.29716371825512,140.5135362986956,86548600
2022-10-24,146.98504638671875,147.75218027161432,143.59195189473937,144.76232705447245,75981900
2022-10-25,149.82737731933594,149.97491229930705,146.89653213741997,147.6144876838341,74732300
2022-10-26,146.88670349121094,149.48316008121265,145.598297355203,148.4701495749658,88194300
2022-10-27,142.4117431640625,146.5916457586151,141.75279561471663,145.62781359762897,109180200
2022-10-28,153.1713104248047,154.90227649289278,145.3819406077306,145.75566287950778,164762400
2022-10-31,150.8108673095703,151.6960320711127,149.41429002672785,150.63384336153183,97943200
2022-11-01,148.16525268554688,152.88608702918296,146.6703335656384,152.52219441549875,80379300
2022-11-02,142.637939453125,149.66017491618842,142.60843546015093,146.49328294195223,93604600
2022-11-03,136.5894012451172,140.444745311601,136.46154058499346,139.71694502591794,97918500
2022-11-04,136.32339477539062,140.5496299805745,132.38284296255216,139.97824816387146,140814800
2022-11-07,136.85536193847656,137.08193945756335,133.6536636073325,135.07226465763827,83374600
2022-11-08,137.4267578125,139.32806703138522,135.44663574586633,138.32323704462326,89908500
2022-11-09,132.86558532714844,136.49090174990351,132.589747831419,136.4416418330912,74917800
2022-11-10,144.6872100830078,144.6872100830078,137.42674799216064,139.14089348616804,118854000
2022-11-11,147.47515869140625,147.7805490726991,142.2243712372686,143.6528333928847,93979700
2022-11-14,146.0762481689453,148.04652398997993,145.23887493220099,146.7559957323241,73374100
2022-11-15,147.81008911132812,151.3073317859871,146.35208917690562,149.9576976256643,89868300
2022-11-16,146.5786590576172,147.642609775535,145.100952232511,146.91361736230309,64218300
2022-11-17,148.47998046875,149.2286798359038,143.97789320265173,144.25373060276158,80389400
2022-11-18,149.04151916503906,150.4305673318375,147.74114484123723,150.0463641188946,74829600
2022-11-21,145.8102569580078,148.13518303183807,145.52457357758468,147.92831248822412,58724100
2022-11-22,147.947998046875,148.18443654711209,144.74629997055138,145.92847743972578,51804100
2022-11-23,148.82479858398438,149.57349802080938,147.1204990929822,147.22886486968167,58301400
2022-11-25,145.90879821777344,146.66735873059727,144.93350612985708,146.1058228227629,35195900
2022-11-28,142.0765838623047,144.46061568789466,141.24907166473017,142.98290889279264,69246000
2022-11-29,139.07192993164062,142.65783165746328,138.2641245866872,142.14555568748492,83763800
2022-11-30,145.82997131347656,146.50971891238402,138.4611435666205,139.29850181511986,111380900
2022-12-01,146.1058349609375,146.91365545012422,144.43110313137328,146.00733016626612,71250400
2022-12-02,145.6132354736328,145.80041408602733,143.48533393064037,143.79073931676461,65447400
2022-12-05,144.4508056640625,148.67704153557165,143.60358628944576,145.57386250650663,68826400
2022-12-06,140.7860565185547,145.11081116378415,139.81076461635996,144.88423366279338,64727200
2022-12-07,138.84535217285156,141.23923029830829,137.91932004741116,140.07677467327488,69721100
2022-12-08,140.52993774414062,141.38701807504808,139.00298578220685,140.24425432184734,62128300
2022-12-09,140.0472412109375,143.4065658669265,138.80595753740835,140.22455886029022,76097000
2022-12-12,142.34259033203125,142.35243630018152,138.9635592869445,140.5791849523235,70462700
2022-12-13,143.3080291748047,147.7411502710795,142.0963136174533,147.27813419846305,93886200
2022-12-14,141.0816192626953,144.48034234830936,139.06208336103646,143.1898139764628,82291200
2022-12-15,134.4713592529297,139.69259452336593,134.00834311374663,139.01284678575612,98931900
2022-12-16,132.51087951660156,135.6042115944849,131.74247323835098,134.65848772833485,160156900
2022-12-19,130.40272521972656,133.19066784085936,129.36834224245627,133.1020090197244,79592600
2022-12-20,130.333740234375,131.2696181831246,127.95955441414964,129.43726118544186,77432800
2022-12-21,133.43690490722656,134.77669284525507,130.7770359950843,131.0036134680718,85928000
2022-12-22,130.26478576660156,132.56015897362735,128.36347675529532,132.35328842388512,77852100
2022-12-23,129.90025329589844,130.4519279839744,127.71324647387738,128.97422148433898,63814900
2022-12-27,128.0974884033203,129.45698360544398,126.80696007412172,129.42743066905106,69007800
2022-12-28,124.16678619384766,129.08262238361158,123.99931454878694,127.74283419111387,85438400
2022-12-29,127.6836929321289,128.5407578875514,125.8316368339246,126.08776721443961,75703700
2022-12-30,127.99896240234375,128.01866936965655,125.53612512465858,126.50156359082803,77034200
2023-01-03,123.2112045288086,128.9545531314731,122.32457886036785,128.34377240566315,112117500
2023-01-04,124.4820327758789,126.74785308207225,123.22105739420844,125.00415469022626,89113600
2023-01-05,123.16194152832031,125.87107085400619,122.90581107632524,125.24058317585433,80962700
2023-01-06,127.69355773925781,128.35359826613845,123.03386012088578,124.13721717054082,87754700
2023-01-09,128.2156982421875,131.4272575812406,127.95956778658704,128.530949601707,70790800
2023-01-10,128.7870635986328,129.3091854431004,126.21585327519355,128.32404761851848,63896200
2023-01-11,131.50608825683594,131.52578019546752,128.5211210646013,129.29937353694692,69458900
2023-01-12,131.42726135253906,132.26461961526783,129.48653833184324,131.89027740511193,71379600
2023-01-13,132.75718688964844,132.914812571895,129.70326821418658,130.0677644513709,57809700
2023-01-17,133.919677734375,135.24960517017936,132.13658015166487,132.82617382563913,63646600
2023-01-18,133.2005157470703,136.5499789381121,133.02318309021993,134.78658853017248,69672800
2023-01-19,133.25962829589844,134.22505937639417,131.78192122019502,132.0873116107182,58280400
2023-01-20,135.82098388671875,135.96876361967614,132.2252358649708,133.26947983700657,80223600
2023-01-23,139.0128173828125,141.18997887668803,135.85051793428082,136.06724948686616,81760300
2023-01-24,140.41171264648438,141.03235437334166,138.21485919822922,138.22470516633354,66435100
2023-01-25,139.7516632080078,140.3131839948148,136.7469896041819,138.7960782416761,65799300
2023-01-26,141.8204803466797,142.10616376720364,139.79108333600698,141.04221286895242,54105100
2023-01-27,143.7611541748047,145.04183634112735,140.95352042033858,141.03233324940567,70555800
2023-01-30,140.87472534179688,143.38683009380475,140.7269606636837,142.8056023172103,64015300
2023-01-31,142.1455535888672,142.19481349464007,140.16543164570373,140.57918779657314,65874500
2023-02-01,143.26861572265625,144.43108640849707,139.21971287170524,141.83032262446247,77663600
2023-02-02,148.57850646972656,148.9331416858034,145.96788199485025,146.68702845858084,118339000
2023-02-03,152.2038116455078,155.04101372137666,145.6329433931969,145.82996797468513,154357300
2023-02-06,149.47499084472656,150.82464018350336,148.5391127115985,150.3025182240104,69858300
2023-02-07,152.35159301757812,152.92297488891165,148.40119485902974,148.40119485902974,83322600
2023-02-08,149.6621551513672,152.28262569889247,148.9233016908853,151.5930321421785,64120100
2023-02-09,148.6277618408203,152.0363458567265,148.18445275739066,151.49451696275133,56007100
2023-02-10,148.9928436279297,149.3184373833088,147.2267605905334,147.4635601548908,57450700
2023-02-13,151.79490661621094,152.1994184714387,148.90403717735236,148.9336352385894,62199000
2023-02-14,151.15357971191406,151.7159729836762,148.84484061249728,150.08800434565288,61707600
2023-02-15,153.255126953125,153.4228543120151,150.83785669682248,151.06478017591323,65573800
2023-02-16,151.6567840576172,154.24178188706213,151.3015922520093,151.45944356730615,68167900
2023-02-17,150.5122833251953,150.95626934167754,148.83499445461442,150.31495787953284,59144100
2023-02-21,146.4966278076172,149.27896600318738,146.42757068306315,148.1936535747809,58867200
2023-02-22,146.92088317871094,147.94698436963745,145.19425945136115,146.88140906273446,51011300
2023-02-23,147.40431213378906,148.33175804369702,145.27317680704334,148.0850975380816,48394200
2023-02-24,144.7502899169922,145.22387397766028,143.77350867783375,145.1449407917213,55469600
2023-02-27,145.94410705566406,147.1774097603546,145.48038403430326,145.73692063205627,44998500
2023-02-28,145.44091796875,147.08860849628215,144.86866373473268,145.08572620470352,50547000
2023-03-01,143.3689727783203,145.26332395747403,143.07297711330398,144.86867310742886,55479000
2023-03-02,143.96095275878906,144.75026945161636,141.977792498003,142.4513915466776,52238100
2023-03-03,149.01254272460938,149.09147589261863,145.36197027021535,146.06247767198354,70732300
2023-03-06,151.775146484375,154.21215352218627,151.41009374796985,151.7356723720831,87558000
2023-03-07,149.57496643066406,151.97249979658332,149.11124338331118,151.64690605769943,56182000
2023-03-08,150.82798767089844,151.41997901042942,149.80188641133856,150.76879154793838,47204800
2023-03-09,148.5784454345703,152.47567911750554,148.2232536400137,151.5087739759212,53833600
2023-03-10,146.51637268066406,148.92378215572674,145.63826168901898,148.2035375357173,68572400
2023-03-13,148.46005249023438,151.09438534791173,145.72704939093524,145.83558063473313,84457100
2023-03-14,150.5517120361328,151.35088971565344,148.09498288130473,149.25921331444258,73695900
2023-03-15,150.94638061523438,151.20290214198522,147.91738213550175,149.17042182051847,77167900
2023-03-16,153.76815795898438,154.3700101664544,149.6143886164517,150.1274466592856,76161100
2023-03-17,152.92955017089844,154.64631312163698,152.21916653990084,153.99512561739482,98944600
2023-03-20,155.29747009277344,155.7118730486912,152.09088307007352,152.99860710640667,73641400
2023-03-21,157.15234375,157.2707359778321,154.44893912645242,155.21853377224946,73938300
2023-03-22,155.7217254638672,159.97415053377057,155.7019884063488,157.17209056471103,75701800
2023-03-23,156.8070068359375,159.39201912983532,155.57370432805416,156.7083516682842,67622100
2023-03-24,158.10939025878906,158.1981844310787,155.74145533462084,156.73795839634036,59196500
2023-03-27,156.16574096679688,158.6224856967079,155.76121401338384,157.80357078673757,52390300
2023-03-28,155.54412841796875,156.37291926303735,153.89643783944095,155.85986113132142,45992200
2023-03-29,158.6224822998047,158.89874093159347,157.2214520800284,157.2411740858945,51305700
2023-03-30,160.19122314453125,160.29975438530866,159.1157867936236,159.37230833774987,49501700
2023-03-31,162.697265625,162.79593585053084,159.74721557415742,160.270134648553,68749800
2023-04-03,163.95033264160156,164.06872488806627,162.0263833617239,162.07571848273926,56976200
2023-04-04,163.4175567626953,164.61138542575975,162.9044985896194,164.37460092662135,46278300
2023-04-05,161.57249450683594,162.84527116493152,159.6386845457234,162.53941454235493,51511700
2023-04-06,162.46051025390625,162.75650592852264,159.83603835658786,160.2602872813979,45390100
2023-04-10,159.86561584472656,159.86561584472656,157.94166678976978,159.26376357061562,47716900
2023-04-11,158.6520538330078,160.19121311129285,158.36591919116847,160.1813521100088,47644200
2023-04-12,157.96142578125,159.8952361057982,157.64569304379242,159.0664602524204,50133100
2023-04-13,163.34849548339844,163.585295053308,159.2637969960001,159.47099850154177,68445600
2023-04-14,163.00315856933594,164.0983319737809,161.63172656331614,162.39143019016473,49386500
2023-04-17,163.0228729248047,163.1807392768596,161.83890539432053,162.8847436304976,41516200
2023-04-18,164.24630737304688,165.1737533320214,163.4372536454433,163.88125462301093,49923000
2023-04-19,165.39083862304688,165.91375779040226,163.3287449605883,163.5852815705882,47720200
2023-04-20,164.42393493652344,165.6276397590989,163.34849843183505,163.8714176517282,52456400
2023-04-21,162.81568908691406,164.226580111448,162.29276996055185,162.84528714652217,58337300
2023-04-24,163.1215362548828,163.38793383083043,161.70076925644653,162.79594256316088,41949600
2023-04-25,161.5823974609375,164.08846202710322,161.54292334211996,162.98342757965568,48714100
2023-04-26,161.57249450683594,163.07219461797823,160.6253265824028,160.8818480921529,45498800
2023-04-27,166.160400390625,166.3083906842776,162.98341161052969,162.98341161052969,64902300
2023-04-28,167.4134063720703,167.58114875947356,165.63746282624027,166.23931504498196,55275900
2023-05-01,167.3246307373047,168.17314354860417,166.387323749872,167.0187740939811,52472900
2023-05-02,166.28868103027344,168.07451617943886,165.30203876342605,167.81797955488014,48425700
2023-05-03,165.21324157714844,168.63689138543253,164.92712194913543,167.23586119850705,65136000
2023-05-04,163.5753631591797,164.80866560341155,162.11513728059836,162.68739142131733,81235400
2023-05-05,171.25149536132812,171.97173995816638,168.47901810918157,168.6960805994559,113453200
2023-05-08,171.1824188232422,171.52774960942492,169.81098679048802,170.17603958076435,55962800
2023-05-09,169.47552490234375,171.22187065365208,169.3077975448434,170.73842563937583,45326900
2023-05-10,171.24159240722656,171.70531537679722,169.60376298512443,170.70881232248743,53724500
2023-05-11,171.4290771484375,172.2578529585823,169.87018071223292,171.52774738748727,49514700
2023-05-12,170.5003662109375,171.97248691459123,168.94918806657878,171.53776144545145,45533100
2023-05-15,170.00636291503906,171.13269023363048,169.41355271544793,171.08328687103295,37266700
2023-05-16,170.00636291503906,171.063522510836,169.7395968176441,169.92732055004092,42110300
2023-05-17,170.61891174316406,170.85602374756016,168.37613188825594,169.65066921503973,57951600
2023-05-18,172.95059204101562,173.13831574371522,170.51021405749552,170.92517510124802,65496700
2023-05-19,173.0592498779297,174.27449384636205,172.84188720705103,174.27449384636205,55809500
2023-05-22,172.1107940673828,172.61468722054929,171.3697889134683,171.89343134950482,43570900
2023-05-23,169.50242614746094,171.3006055683709,169.2257854789803,171.05360389467134,50747300
2023-05-24,169.77906799316406,170.35211368921475,168.47490698639612,169.03806296692736,45143500
2023-05-25,170.9153289794922,171.81440385308167,169.6309169197775,170.34228313513364,56058300
2023-05-26,173.3260040283203,173.66193775593948,171.0338363781654,171.24132441358356,54835000
2023-05-30,175.1736297607422,176.8433638660441,174.4523889310648,174.83771102645838,55964400
2023-05-31,175.12420654296875,177.19902686801004,174.64007778024913,175.20324889662425,99625300
2023-06-01,177.9301300048828,177.95976900098933,174.8080250915144,175.5687945017499,68901800
2023-06-02,178.77984619140625,179.59989373048958,177.11011211219468,178.85888855278898,61996900
2023-06-05,177.42630004882812,182.73189284985287,175.90476081626858,180.4397244340229,121946500
2023-06-06,177.06068420410156,177.95975882757918,175.30201843952955,177.81156385551847,64848400
2023-06-07,175.68740844726562,179.03675150695423,175.1934049571889,176.29996795070792,61944600
2023-06-08,178.4043731689453,178.6711241175685,175.33167179585084,175.76638207072082,50214900
2023-06-09,178.78970336914062,180.04446105377914,178.46365934119785,179.3232203666376,48900000
2023-06-12,181.5857696533203,181.68457636718009,178.79959821677159,179.09600328256303,54274900
2023-06-13,181.11154174804688,181.94146392274692,180.25198057252106,180.60766365821948,54929100
2023-06-14,181.7438507080078,182.1785761189824,179.8370047903456,181.17080494588566,57462900
2023-06-15,183.77914428710938,184.28303741690132,181.57589328622848,181.7537423543279,65433200
2023-06-16,182.7022247314453,184.7474061455162,182.0600263098281,184.49051471623886,101256200
2023-06-20,182.7911376953125,183.86807659469073,182.19834264439277,182.19834264439277,49799100
2023-06-21,181.7537384033203,183.1863452547994,180.40015882951445,182.6824521359612,49515700
2023-06-22,184.7572784423828,184.8066817993699,181.46721386744264,181.53638158238215,51245300
2023-06-23,184.4411163330078,185.31056720794078,182.79114665956078,183.32467881492002,53117000
2023-06-26,183.0480194091797,185.79467703737228,183.0084906957425,184.5893075659166,48088700
2023-06-27,185.8045654296875,186.13060949863421,183.4432296659109,183.66059237854205,50730800
2023-06-28,186.98028564453125,187.6224840299043,185.3500804657921,185.67610944091012,51216800
2023-06-29,187.3162078857422,187.79046201011187,186.67400948819943,186.81232983886036,46347300
2023-06-30,191.64366149902344,192.14753949056515,188.96615669898216,189.3317294308403,85213200
2023-07-03,190.1518096923828,191.5547776450248,189.46019281962833,191.45597092726317,31458200
2023-07-05,189.0353546142578,190.66555990536892,188.33386310926684,189.27248168829453,46920300
2023-07-06,189.50958251953125,189.7170705815605,186.9308841600135,187.56320791106293,45094300
2023-07-07,188.39312744140625,190.35926638037827,187.95841711755844,189.11438325252212,46815000
2023-07-10,186.3479461669922,187.71140025097682,184.796768395991,186.9901444981463,59922200
2023-07-11,185.82432556152344,187.0296950947768,184.3620796809065,186.8913747422291,46638100
2023-07-12,187.4940643310547,189.4009103170613,186.20965240962747,187.40513225686783,60750200
2023-07-13,188.2548065185547,188.89701997543003,187.5039267878899,188.21529288043007,41342300
2023-07-14,188.4029998779297,188.88711351202284,187.35571518892922,187.94851016296312,41616200
2023-07-17,191.66346740722656,191.98951149918832,189.50960448705806,189.59852149146877,50520200
2023-07-18,191.40658569335938,191.99939590448753,190.1122989773791,191.03115329704877,48288200
2023-07-19,192.7601318359375,195.85258285437448,190.3395031262878,190.7841182449009,80507300
2023-07-20,190.81378173828125,194.11372124075075,190.19133255294633,192.7502668636511,59581200
2023-07-21,189.63803100585938,192.63169045749675,188.93653953192955,191.77212935032986,71951700
2023-07-24,190.43832397460938,192.57242242955687,189.9443205401746,191.09041212625252,45377800
2023-07-25,191.29788208007812,192.10805493602857,190.60628029804008,191.01136672601527,37283200
2023-07-26,192.1673126220703,193.29363971255637,191.00147189498233,191.34726521155525,47471900
2023-07-27,190.9026641845703,194.83492680246852,190.24070147552166,193.66908608151945,47460200
2023-07-28,193.4813690185547,194.2717774555962,191.81163515269853,192.33527753863382,48291400
2023-07-31,194.0939483642578,194.13347708185938,192.91821776612247,193.70862628447964,38824100
2023-08-01,193.26402282714844,194.37058568804014,192.93797875368105,193.88647197429418,35175100
2023-08-02,190.27032470703125,192.83913298181474,189.54908406525655,192.70081265221705,50389300
2023-08-03,188.8772735595703,190.06287880115997,188.40303447809214,189.2724853572926,61235200
2023-08-04,179.80735778808594,185.13271368389906,179.73819007769725,183.295020485719,115956800
2023-08-07,176.70501708984375,180.9336848652445,175.2230069327887,179.94567809387448,97576100
2023-08-08,177.64361572265625,178.10798009875546,175.45023954323045,177.5349343777014,67823000
2023-08-09,176.0529327392578,178.76006170176663,174.88707688488682,178.70078370635215,60378500
2023-08-10,175.83555603027344,178.58221348809383,175.46999837048295,177.32744074056737,54686900
2023-08-11,175.89492797851562,176.71608281179377,174.6681548123879,175.4299516016464,52036700
2023-08-14,177.54713439941406,177.77467859210861,175.42004228880285,176.07301094207762,43675600
2023-08-15,175.5585479736328,177.56690888775307,175.1628176334086,176.97331337741676,43622600
2023-08-16,174.6879425048828,176.6369303294026,174.61868139075943,175.24197103328896,46964900
2023-08-17,172.1453399658203,175.6179215615527,171.6308784010705,175.25187020963352,66062900
2023-08-18,172.630126953125,173.23362560342792,170.12709527960956,170.46346761685473,61172200
2023-08-21,173.9657440185547,174.25266140560993,171.88813666332587,173.20396220304474,46311900
2023-08-22,175.34092712402344,175.78612762060905,174.371377027614,175.17274094069768,42038900
2023-08-23,179.18943786621094,179.61486234805133,176.42918310654636,176.61716031274474,52722800
2023-08-24,174.49998474121094,179.16967585239115,174.13391827576947,178.74425133745834,54945800
2023-08-25,176.7061767578125,177.24041419547748,173.9459223202795,175.4892916914716,51449600
2023-08-28,178.26939392089844,178.66512436394294,176.646874950578,178.17045376206295,43820700
2023-08-29,182.15745544433594,182.9291401969668,177.58670497165372,177.78457014737916,53003900
2023-08-30,185.6498565673828,185.84773686983334,182.7708853589575,182.96875056526045,60813900
2023-08-31,185.86749267578125,187.10416895130786,185.48165028166278,185.8378136528603,60794500
2023-09-01,187.44056701660156,187.8956554579994,186.27313669620688,187.4702460412081,45766500
2023-09-05,187.677978515625,187.95499277883354,185.61025951662367,186.27311615331163,45280000
2023-09-06,180.9603729248047,186.8370611072444,179.53571941437733,186.3918455631262,81755800
2023-09-07,175.6673583984375,176.3104390067485,171.69020396611324,173.31272235153685,112488800
2023-09-08,176.28077697753906,178.3188321743013,175.89493458078306,176.4489782367689,65551300
2023-09-11,177.4481964111328,178.37817933531872,175.44972343125323,178.15063513987275,58953100
2023-09-12,174.4208221435547,178.2100000030001,172.95660168355545,177.57682236385347,90370200
2023-09-13,172.3531036376953,175.4101637291933,172.12554433664133,174.62857587906927,84267900
2023-09-14,173.86679077148438,174.22295413122683,171.72981061302968,172.14533201670497,60895800
2023-09-15,173.14456176757812,174.61868528190746,171.967258666553,174.59889423512476,109259500
2023-09-18,176.072998046875,177.46797231412128,174.29218143934185,174.59887469750015,67257600
2023-09-19,177.1613006591797,177.71532920549458,175.24197669791334,175.62781908525017,51826900
2023-09-20,173.61949157714844,177.78460955022456,173.53043939661168,177.34929700946202,58436200
2023-09-21,172.07606506347656,174.42081339229338,172.00681904661934,172.6894667209782,63149100
2023-09-22,172.92691040039062,175.19250979208792,172.19480770645978,172.8081943086496,56725400
2023-09-25,174.20315551757812,175.08366835534056,172.2937196425223,172.34318970903263,46172700
2023-09-26,170.1270751953125,173.33253018900052,169.83026989319274,172.9565908960506,64588900
2023-09-27,168.61338806152344,171.19556880826096,167.24810767663843,170.78004737841366,66921800
2023-09-28,168.87062072753906,170.19633406818943,165.83333655703308,167.53500431517824,56294400
2023-09-29,169.38510131835938,171.22527642192762,168.5243642708508,170.18646521737097,51861100
2023-10-02,171.8979949951172,172.4421355524603,169.10804618991,169.39496352748424,52164500
2023-10-03,170.5623779296875,171.77927819729268,168.99923247491208,170.42387079713225,49594600
2023-10-04,171.8089599609375,172.3531005247124,169.14763028223018,169.26634637027362,53020300
2023-10-05,173.0456085205078,173.5798459273994,170.83936759627778,171.9375365234678,48527900
2023-10-06,175.59812927246094,176.09279974358,171.33405713065292,171.947458780219,57266700
2023-10-09,177.08216857910156,177.14152662960254,173.92616806085798,174.925397135301,42390800
2023-10-10,176.48854064941406,177.80436599291428,176.05322819338144,176.20163840129018,43698000
2023-10-11,177.88351440429688,177.9329844734106,175.70696722860302,176.300562769531,47551100
2023-10-12,178.78384399414062,180.39645978644091,177.13163100626258,178.1506662685904,56743100
2023-10-13,176.9436492919922,179.9908063804386,176.24121051823693,179.48624788964275,51427100
2023-10-16,176.8150177001953,177.17118104988546,174.6285675347915,174.86601479996662,52517000
2023-10-17,175.2617645263672,176.51823191229096,172.93682206936518,174.76709399132676,57549400
2023-10-18,173.9657440185547,175.68720305244247,173.2435292067,173.70852075442576,54764400
2023-10-19,173.5897674560547,175.94438862084118,173.3226411761323,174.16357191493293,59302900
2023-10-20,171.0372772216797,173.55019672394363,170.7998299466356,173.44136860989997,64244000
2023-10-23,171.15597534179688,172.15520421409377,168.11869153900426,169.08825648819888,55980100
2023-10-24,171.59130859375,171.81885280099095,169.62251453312876,171.20546620053886,43816600
2023-10-25,169.27627563476562,171.21537582153513,168.83106004342108,170.04796051874604,57157000
2023-10-26,165.11109924316406,169.55324523930184,163.90410215906684,168.554001286647,70625300
2023-10-27,166.42697143554688,167.15908932984757,165.05178782457457,165.13093692905153,58499100
2023-10-30,168.474853515625,169.34547832959018,167.0699912633637,167.21840145454993,51131000
2023-10-31,168.9497528076172,169.07835686158955,166.11033410734646,167.54489051547947,44846000
2023-11-01,172.1156463623047,172.37286957481675,168.30667766450742,169.1773025316942,56934900
2023-11-02,175.6772918701172,175.88504503012373,173.58978171760563,173.64913976332178,77334800
2023-11-03,174.76708984375,174.93529110628108,171.5022764668811,172.38278939451087,79829200
2023-11-06,177.31959533691406,177.51746053122469,174.3317961816863,174.49998235165765,63841300
2023-11-07,179.88197326660156,180.4953598060514,177.06234560698942,177.27009874628624,70530000
2023-11-08,180.94056701660156,181.4945955371222,179.65442075331012,180.40632954214095,49340300
2023-11-09,180.46571350097656,182.15747832651147,179.87210280308707,181.00985412468407,53763500
2023-11-10,184.65614318847656,184.82456606875368,181.81299808835433,182.24888412099398,66133400
2023-11-13,183.0710906982422,184.28957909475855,182.4866141219331,184.0815522328342,43627500
2023-11-14,185.68638610839844,186.35011603301572,184.55705211313364,185.94394820695575,60108400
2023-11-15,186.2510223388672,187.72708773166863,186.02317839099575,186.09253074506157,53790500
2023-11-16,187.93516540527344,189.173470968727,186.88506958999568,187.79647578680803,54412900
2023-11-17,187.9153289794922,188.59887599886426,186.805812145748,188.47008739636428,50922700
2023-11-20,189.6588592529297,190.11456230851306,188.10355547172335,188.11345647352806,46505100
2023-11-21,188.8564453125,189.72821721009598,187.96487141071046,189.6192457228965,38134500
2023-11-22,189.52017211914062,191.12501116236683,189.04466705374648,189.69849596618437,39617700
2023-11-24,188.19273376464844,189.1140258787283,187.47946852715137,189.0843077535022,24048300
2023-11-27,188.01438903808594,188.88616092409407,187.13271615011263,188.14317764380084,40552600
2023-11-28,188.6186981201172,189.29234420962146,187.62805366546104,188.0045033953615,38415400
2023-11-29,187.59832763671875,190.29288164913223,187.2020759179661,189.11401237919708,43014200
2023-11-30,188.1728973388672,188.53944603911236,186.42936866830843,188.06392585220516,48794400
2023-12-01,189.45083618164062,189.76783452208102,187.45963130874318,188.54934617033052,45704800
2023-12-04,187.65777587890625,188.2719857330804,185.69630404843608,188.20263336404662,43389500
2023-12-05,191.61044311523438,192.58127042048946,188.40074973234698,188.43048297188668,66628400
2023-12-06,190.52073669433594,192.93789631295678,190.3126947209947,192.63079897005184,41089700
2023-12-07,192.45249938964844,193.17566559760107,191.7788533108163,191.81848755335412,47477700
2023-12-08,193.87901306152344,194.15639227120218,191.8580901155405,192.38313041357762,53406400
2023-12-11,191.3726806640625,191.6797931299085,189.62915193698308,191.30334341541183,60943700
2023-12-12,192.8883819580078,192.8982829604503,189.92634969600132,191.27362671385956,52696900
2023-12-13,196.10797119140625,196.1475903161728,193.02706651664724,193.26481149731427,70404200
2023-12-14,196.256591796875,197.75245962096574,194.3248379535694,196.16743741550002,66831600
2023-12-15,195.72161865234375,196.54384019084355,195.15694409646994,195.6819844119138,128538400
2023-12-18,194.0573272705078,194.79040955452615,192.5713606983871,194.25545312358386,55751900
2023-12-19,195.09751892089844,195.1074199235508,194.0573392330858,194.32481746504553,40714100
2023-12-20,193.00726318359375,195.8305908429342,193.00726318359375,195.05788936850126,52242800
2023-12-21,192.858642578125,195.23619818360498,191.6896894536902,194.26537091395173,46482500
2023-12-22,191.7887725830078,193.58183662844655,191.16466173906855,193.35397752019378,37149600
2023-12-26,191.24392700195312,192.07606476826226,191.0259839989623,191.79868551282587,28919300
2023-12-27,191.3429412841797,191.68967283701622,189.3022164363663,190.68912753168,48087700
2023-12-28,191.76893615722656,192.83883387512188,191.3627683436117,192.32369457775746,34049900
2023-12-29,190.728759765625,192.58125990446206,189.9362412446781,192.08593771837442,42672100
2024-01-02,183.9032440185547,186.67705163638013,182.16961614691823,185.3991117688797,82488700
2024-01-03,182.52622985839844,184.1409850600839,181.7138941984477,182.49651173581816,58414500
2024-01-04,180.20811462402344,181.37706768373354,179.18775216816366,180.4458595901839,71983600
2024-01-05,179.4849395751953,181.05015949262307,178.48439420396812,180.28737421180142,62379700
2024-01-08,183.823974609375,183.86360885082058,179.80196071659407,180.38643729162627,59144500
2024-01-09,183.40789794921875,183.41779895114087,181.0204413910758,182.19931060924736,42841800
2024-01-10,184.4480743408203,184.65610118978807,182.19930742900604,182.62529236075727,46792900
2024-01-11,183.85369873046875,185.3000462697353,181.90212796654464,184.79480792904317,49128400
2024-01-12,184.18060302734375,184.99293868218925,183.45743685571247,184.3192926371913,40477800
2024-01-16,181.9120330810547,182.5361287641061,179.23728115128065,180.45578462721193,65603000
2024-01-17,180.9709014892578,181.21856257523459,178.61317822966134,179.5741044525339,47317400
2024-01-18,186.86526489257812,187.3704881134165,184.0914574471942,184.34901955890965,78005800
2024-01-19,189.76785278320312,190.15420352293785,187.0534966021051,187.5587198414397,68903000
2024-01-22,192.07601928710938,193.5025494721613,190.46126426985865,190.50089850612792,60133900
2024-01-23,193.35397338867188,193.91864797179585,192.01661247228014,193.19548176740474,42355600
2024-01-24,192.68032836914062,194.542744606446,192.5218216434054,193.59171936806808,53631300
2024-01-25,192.35342407226562,194.43378338829353,191.30334341188293,193.39360373027958,54822100
2024-01-26,190.6197967529297,192.93790105900956,190.14429166563914,192.45249496932922,44594000
2024-01-29,189.93626403808594,190.40186815816608,187.80638442872507,190.21364328629937,47145600
2024-01-30,186.28076171875,190.00559424490717,185.71610228505008,189.15363947733223,55859400
2024-01-31,182.67483520507812,185.34958738130655,182.6253150741395,185.29013601531707,55467800
2024-02-01,185.11183166503906,185.2009860420896,182.10027903950464,182.2686867903897,64885400
2024-02-02,184.1112823486328,185.5774319441079,177.57302274507782,178.1773164815156,102551700
2024-02-05,185.9241180419922,187.4794368744002,184.10133612770585,186.38972207997213,69668800
2024-02-06,187.52899169921875,187.53889270164484,185.02266252630227,185.1118168962398,43490800
2024-02-07,187.63796997070312,189.26262627331204,186.8454513829838,188.85645841865113,53439000
2024-02-08,186.5581817626953,187.7667541606289,185.5972553767356,187.61816353023744,40962000
2024-02-09,187.32192993164062,188.45270503827624,186.47880163607178,187.12353611951417,45155200
2024-02-12,185.6356658935547,187.14337102036012,185.27857823550397,186.89539390047275,41781900
2024-02-13,183.54275512695312,184.70330147289806,182.02513622573113,184.26685928046126,56529500
2024-02-14,182.65994262695312,184.02878118831165,180.96378758253468,183.8204888809099,54630500
2024-02-15,182.372314453125,182.99722170980874,179.88262933424807,182.06482521105013,65434500
2024-02-16,180.83482360839844,183.3542794985624,180.20000281806102,181.9358425720657,49752500
2024-02-20,180.0908966064453,180.95385211869663,178.543521838827,180.31903131312703,53665600
2024-02-21,180.84475708007812,181.41013702999714,179.19818540957374,180.46782702325083,41371400
2024-02-22,182.878173828125,183.463411373256,180.98364000764028,181.99537582737872,52292200
2024-02-23,181.04315185546875,183.54275049121756,180.75548990166286,183.51299444569602,45119700
2024-02-26,179.69415283203125,181.28119739799624,179.18826979539264,180.7654158601022,40867400
2024-02-27,181.15225219726562,182.43180748858953,178.1070858709482,179.6346334198553,54318900
2024-02-28,179.95204162597656,181.6382830805114,178.67248629654023,181.03321827875988,48953900
2024-02-29,179.2874755859375,181.09275646398507,178.07734590919267,179.80327228471162,136682600
2024-03-01,178.20628356933594,179.06923911535185,175.94473341504965,178.0971730296413,73563100
2024-03-04,173.68321228027344,175.46863575857572,172.38379922304676,174.72470426417476,81510100
2024-03-05,168.7434539794922,170.64791631173568,168.2474997741583,169.37827475690668,95132400
2024-03-06,167.7515411376953,169.85439720478274,167.31509902687867,169.67584582521192,68587700
2024-03-07,167.63253784179688,169.34853532264208,167.12666995146384,167.78131806385875,71765100
2024-03-08,169.34854125976562,172.29451084245372,167.5730316278488,167.63254371875993,76267000
2024-03-11,171.35220336914062,172.96901916174485,170.65787040570808,171.54066841678448,60139500
2024-03-12,171.82830810546875,172.62183794587216,169.62626998762764,171.7489536078961,59825400
2024-03-13,169.7453155517578,171.78864474969012,169.37829909505535,171.37204497358655,52488700
2024-03-14,171.6001739501953,172.89957168966941,170.65786388331372,171.51090581587792,72913500
2024-03-15,171.22323608398438,171.22323608398438,168.91208752136302,169.78497182252738,121752700
2024-03-18,172.31436157226562,176.27208229753154,172.11598288120766,174.14939851903085,75604200
2024-03-19,174.65525817871094,175.18096849600929,171.62993409357304,172.92933186407737,55215200
2024-03-20,177.2242889404297,177.2242889404297,173.67325471299228,174.29816190798687,53423100
2024-03-21,169.9833526611328,176.05384289670778,169.45764237357878,175.61740074055217,106181300
2024-03-22,170.88600158691406,171.64977539848843,168.68396342338923,170.37020490965267,71160100
2024-03-25,169.46755981445312,170.54873636107317,168.0788789435942,169.1898266673456,54288300
2024-03-26,168.33680725097656,170.0329624014482,168.20785429573576,168.6244540719099,57388400
2024-03-27,171.9076690673828,172.19533102381604,168.73356472173438,169.03114031499092,60273300
2024-03-28,170.09246826171875,170.83639964948821,169.13031578937776,170.36028779920613,65672700
2024-04-01,168.65420532226562,169.86433493378763,168.1086526063626,169.80482284392966,46240500
2024-04-02,167.4738311767578,167.96978543762384,166.86876637308836,167.71189467068976,49329500
2024-04-03,168.2772674560547,169.29893197888933,167.21593325359058,167.4242255584593,47691700
2024-04-04,167.45399475097656,170.5289019190824,167.45399475097656,168.9120862737285,53704400
2024-04-05,168.2078399658203,169.01128340394683,167.58293278713433,168.217753601793,42104800
2024-04-08,167.08700561523438,167.83093708737283,166.87871327881734,167.66231443659373,37425500
2024-04-09,168.29713439941406,168.7038205676874,166.98782288624614,167.33498182341344,42373800
2024-04-10,166.4224090576172,167.72180678766216,165.75783217031642,167.43415997850798,49709300
2024-04-11,173.62364196777344,174.04025682035402,166.79932237773104,166.97785862713312,91070300
2024-04-12,175.1214599609375,176.9168120397123,172.80039755418966,172.8499808741194,101670900
2024-04-15,171.2926788330078,175.20080068867838,171.10421379905583,173.94107267383276,73531800
2024-04-16,168.00949096679688,172.35404053556772,166.9084717665257,170.36030960981174,73711200
2024-04-17,166.64064025878906,169.2691919230274,166.64064025878906,168.23761366668208,50901200
2024-04-18,165.6884002685547,167.27546002889196,165.20237475763562,166.67039519798726,43122900
2024-04-19,163.66490173339844,165.05356757276493,162.7523477339115,164.86511767231858,68149400
2024-04-22,164.49810791015625,165.9066162144586,163.43677364744048,164.18070504913473,48116400
2024-04-23,165.54953002929688,165.69832539217154,163.58555534900174,164.01208389352126,49537800
2024-04-24,167.6523895263672,167.93012271313196,164.86512888648411,165.19244539313124,48251800
2024-04-25,168.5153350830078,169.2295104164757,166.78940883790665,168.15824741627387,50558300
2024-04-26,167.93011474609375,169.95360145871248,167.81107543218243,168.50542350147623,44838400
2024-04-29,172.09613037109375,174.60565774723543,171.69937301226366,171.9671774185786,68169400
2024-04-30,168.9517822265625,173.57407962239418,168.6244505944639,171.92750782528833,65934800
2024-05-01,167.93011474609375,171.31252641733016,167.74164970644674,168.20784791968214,50383100
2024-05-02,171.6299285888672,172.0167723030629,169.50724497899176,171.11413192483198,94214900
2024-05-03,181.89617919921875,185.48688300008854,181.1820038934194,185.13970898312533,163224100
2024-05-06,180.23968505859375,182.70952732957792,178.96011472526732,180.87450583987064,78569700
2024-05-07,180.92408752441406,183.4038585438568,179.85283976309742,181.96559437964424,77305800
2024-05-08,181.26133728027344,181.5886688519262,179.981767033329,181.3704478041577,45057100
2024-05-09,183.07656860351562,183.16583674066726,180.63646690744054,181.0828227285221,48983000
2024-05-10,181.81512451171875,183.84135574437508,180.9013327671207,183.6526350835399,50759500
2024-05-13,185.0233154296875,185.83779081511702,183.3745104951717,184.18898588060125,72044800
2024-05-14,186.16558837890625,187.02972965761612,185.03327943466695,186.2450505169401,52393600
2024-05-15,188.44012451171875,189.36384333151435,186.1059718662387,186.6423374407049,70400000
2024-05-16,188.55929565429688,189.81080512810087,188.38051724709635,189.18505039119887,52845200
2024-05-17,188.589111328125,189.52277241007562,187.90376371878457,188.23153932133224,41282900
2024-05-20,189.751220703125,190.6252889956646,187.73491647398643,188.05276500067424,44361300
2024-05-21,191.05239868164062,191.42982486744873,189.63203768676544,189.80088903544183,42309400
2024-05-22,189.61215209960938,191.5192128106237,188.9864124860383,190.9729201671483,34648500
2024-05-23,185.61929321289062,189.7114944206788,185.370979738518,189.69162509909052,51005900
2024-05-24,188.6983642578125,189.2943226367172,186.771449342652,187.54620129756856,36327000
2024-05-28,188.7082977294922,191.69798625592665,187.82430244055638,190.21803261577213,52280100
2024-05-29,189.00628662109375,190.95307102285372,188.23154975607,188.33088121296123,53068000
2024-05-30,189.99954223632812,190.88353764935988,189.34400614498344,189.47311885305376,49889100
2024-05-31,190.9530487060547,191.2708972062775,188.62883838261533,190.14851552916033,75158300
2024-06-03,192.72103881835938,193.67456916074488,191.22123099586668,191.5986571441052,50080500
2024-06-04,193.0388946533203,194.0023521144802,191.72779227719917,193.32693160548868,47471400
2024-06-05,194.5486297607422,195.5716800296083,193.55537589536917,194.08179923154876,54156800
2024-06-06,193.1680145263672,195.17439165110096,192.86010824182844,194.36985841579607,41181800
2024-06-07,195.56173706054688,195.61140278095115,192.830289152661,193.33684312674475,53103900
2024-06-10,191.8171844482422,195.96899354752293,190.8537269722117,195.57168290202756,97010200
2024-06-11,205.75253295898438,205.762475197422,192.32375155853347,192.34360572370616,172373300
2024-06-12,211.6326141357422,218.7145040828182,205.50422428227435,205.97105482418652,198134300
2024-06-13,212.79473876953125,215.2878008107015,210.17254886070077,213.29136576102076,97862700
2024-06-14,211.05653381347656,213.71844708080008,209.87455920751867,212.40735976944958,70122700
2024-06-17,215.2082977294922,217.4729151673675,211.28494827432186,211.93055717808846,93728300
2024-06-18,212.8443603515625,217.15509356895643,211.56306955662498,216.12210108008887,79943300
2024-06-20,208.26547241210938,212.79472296910444,207.4410850045998,212.48680152632818,86172500
2024-06-21,206.09027099609375,210.46058238700795,205.71282963889428,208.97070143703453,241805100
2024-06-24,206.73587036132812,211.2651058128792,205.19632375372012,206.3187055335118,80727000
2024-06-25,207.6595916748047,209.95400566525086,207.20268823087267,207.73903864641352,55549700
2024-06-26,211.81138610839844,213.41052543273105,209.21899292189278,210.07319184959564,66213200
2024-06-27,212.65567016601562,214.28460598729217,210.91747580739147,213.24168634094727,49772700
2024-06-28,209.19912719726562,214.6123729638464,208.8812938369491,214.31439376890182,82542700
2024-07-01,215.2877655029297,216.04263295008636,210.49034773322808,210.65919906394006,60402900
2024-07-02,218.78402709960938,218.89328562800327,213.6489065767971,214.6918109818244,58046200
2024-07-03,220.05540466308594,220.05540466308594,217.55240059045883,218.5158580863075,37369800
2024-07-05,224.81307983398438,224.92233836715073,220.15471670620812,220.15471670620812,60412400
2024-07-08,226.28311157226562,226.31290797690275,221.7439339584199,225.55802531049062,59085900
2024-07-09,227.1372833251953,227.85242731023644,224.84286935479298,226.3923429370984,48076100
2024-07-10,231.4082794189453,231.50761086701095,227.70344677503346,227.75311249906628,62627700
2024-07-11,226.0347900390625,230.82226580227746,224.2469300453064,229.82901193417422,64710600
2024-07-12,228.98475646972656,231.07059580434316,227.13730353661973,227.3756899381295,53046500
2024-07-15,232.81871032714844,235.62962070976812,231.5175501306247,234.88468027763452,62631300
2024-07-16,233.23587036132812,234.67608537579065,230.7626628820321,233.4146487749432,43234300
2024-07-17,227.3359375,229.89853415546077,225.1110435034522,227.90208429219518,57345900
2024-07-18,222.6676483154297,228.88542732552744,220.7705449165008,228.7265030667722,66034600
2024-07-19,222.79676818847656,225.2699757257536,221.7737179376491,223.30333735062962,49151500
2024-07-22,222.4491424560547,226.24336434241772,221.58500128681854,225.47855462210336,48201800
2024-07-23,223.49203491210938,225.40902265142745,221.17775171010015,222.85635307829335,39960300
2024-07-24,217.06568908691406,223.28346786979841,215.66521268088363,222.48886176091068,61777600
2024-07-25,216.02281188964844,219.36014584277987,213.1721626831937,217.4530848788309,51391200
2024-07-26,216.4896240234375,218.0093012590926,214.55276681781487,217.22462220056258,41601300
2024-07-29,216.76773071289062,217.82057739339885,214.2945231128628,215.49636696784094,36311800
2024-07-30,217.32395935058594,218.84363662609175,214.6620309808042,217.71132777069818,41643800
2024-07-31,220.58181762695312,222.31008478832948,219.14160257039833,219.94613576688096,50036300
2024-08-01,216.88693237304688,222.96564167600837,215.55597572208578,222.8563831356547,62501000
2024-08-02,218.37681579589844,224.07809897050203,216.24132584869807,217.67159881719564,105568600
2024-08-05,207.85824584960938,212.0597055615941,194.6777624827749,197.74691336614487,119548600
2024-08-06,205.83200073242188,208.5733911865651,199.7135682482994,203.91502798694503,69660500
2024-08-07,208.40452575683594,212.1987475040528,204.9976572409954,205.50421123787663,63516400
2024-08-08,211.87100219726562,212.75499762550604,207.42122864939222,211.67235443417223,47161100
2024-08-09,214.78123474121094,215.31758519349225,210.5400362270979,210.66916408754707,42201600
2024-08-12,216.31260681152344,218.28152162650582,214.39341520959198,214.86078610016068,38028100
2024-08-13,220.03167724609375,220.64820259017597,217.7843155173404,217.7843155173404,44155300
2024-08-14,220.47915649414062,221.7818227179272,218.4704570730026,219.33559848009435,41960600
2024-08-15,223.4623565673828,224.0888356302054,221.51331902381992,223.34303300242357,46414000
2024-08-16,224.78492736816406,225.56056092969672,222.39834972442236,222.66684293368954,44340200
2024-08-19,224.62582397460938,224.72527040192085,221.791767703572,224.4567771868955,40687800
2024-08-20,225.2423553466797,225.89866536829538,224.18828995199718,224.50650638916653,30299000
2024-08-21,225.13294982910156,226.70410920432383,223.7905141872767,225.25228856886343,34765500
2024-08-22,223.2734375,227.06211276120644,222.6469583809866,226.51518775043243,43695300
2024-08-23,225.5705108642578,226.9427926991927,223.07456326985692,224.39712188969804,38677300
2024-08-26,225.90859985351562,226.00804628168004,222.6370187250734,225.49095216733542,30602200
2024-08-27,226.75384521484375,227.5692634267734,223.63141860700006,224.73520717839608,35934600
2024-08-28,225.2224578857422,228.57359288043327,224.41697829182954,226.6444476309267,38052200
2024-08-29,228.50399780273438,231.61648594304322,227.5991020536236,228.8122756660522,51906300
2024-08-30,227.7184295654297,229.1105885676507,226.20693181059323,228.9017723040151,52990800
2024-09-03,221.52328491210938,227.71841483123856,219.9322331496077,227.27093626472063,50190600
2024-09-04,219.61402893066406,220.53881694406624,216.2628786668988,220.41949337418052,43840200
2024-09-05,221.1354522705078,224.2180939758369,220.28026466484505,220.3896496553389,36615400
2024-09-06,219.58421325683594,223.97947540850993,218.5400864277892,222.69668624975694,48423000
2024-09-09,219.67367553710938,220.03166139542517,215.49718397235344,219.58418286587863,67180000
2024-09-10,218.878173828125,220.2405018848782,215.517084853391,217.69483113354613,51591000
2024-09-11,221.4138946533203,221.8414808899648,216.670585544778,220.22061344649163,44587100
2024-09-12,221.52328491210938,222.29891847364556,218.5897974500539,221.25479170284098,37455600
2024-09-13,221.2548065185547,222.78618142445666,220.66811202153605,222.3287642541488,36766600
2024-09-16,215.10939025878906,216.00434741371936,212.72281255665072,215.32814508742544,59357400
2024-09-17,215.5767364501953,215.6861214463737,213.2995590231644,214.54256344637628,45519300
2024-09-18,219.45492553710938,221.46362499015893,216.322545198334,216.33249894497217,59894900
2024-09-19,227.5891571044922,228.53385270483295,223.37289536568892,223.7308812843982,66781300
2024-09-20,226.92288208007812,231.78551472560144,226.34612621296694,228.68298057338347,318679900
2024-09-23,225.20257568359375,228.16589404695566,224.54626569168985,226.06770192621624,54146000
2024-09-24,226.0975341796875,228.06646416724695,224.4667129366972,227.37036953161189,43556100
2024-09-25,225.10313415527344,226.0179836305296,222.76629484001745,223.67119056847437,42308700
2024-09-26,226.24668884277344,227.2212000254045,224.1484968482946,226.02791885863684,36636700
2024-09-27,226.51516723632812,228.2354962210898,226.02791923090672,227.18143093581907,34026000
2024-09-30,231.696044921875,231.696044921875,228.36478670449856,228.75260351180964,54541900
2024-10-01,224.94403076171875,228.36476618305377,222.4878528116685,228.2355040411627,63285000
2024-10-02,225.51084899902344,226.09754348610434,221.77189689552054,224.62583039487592,32880600
2024-10-03,224.40704345703125,225.5406628776434,222.0702042586661,223.88001079844628,34044200
2024-10-04,225.53074645996094,226.72402778202942,222.87569058700512,226.62458134960903,37245100
2024-10-07,220.4493408203125,224.42695529805295,220.09135491038006,223.24361256318196,39505400
2024-10-08,224.50650024414062,224.71531649859696,222.00059897690352,223.0447257693685,31855700
2024-10-09,228.25538635253906,228.46421777631028,223.57175408478048,223.96950943919006,33591100
2024-10-10,227.75819396972656,228.21562630222516,225.89866409237993,226.50525089558744,28183500
2024-10-11,226.2765350341797,228.12612627842185,226.0677036085129,228.0167412789572,31759200
2024-10-14,230.00555419921875,230.43314046117197,227.32066753158787,227.4200987868959,39882100
2024-10-15,232.54127502441406,236.16090332060597,231.0695468532438,232.30261271123658,64751400
2024-10-16,230.48284912109375,230.8209426799016,228.55370384388218,230.30386376880503,34082200
2024-10-17,230.8507843017578,232.5412825211578,229.22991678936268,232.12361966628396,32993800
2024-10-18,233.68482971191406,234.8582185948981,232.7003647541102,234.8582185948981,46431500
2024-10-21,235.15655517578125,235.52449481958178,233.13791711516282,233.13791711516282,36254500
2024-10-22,234.5400390625,234.89802497361626,231.29828871484364,232.5810627118631,38846600
2024-10-23,229.46856689453125,233.82405947286142,226.4853561254601,232.76999409553275,52287000
2024-10-24,229.27964782714844,229.52824872985036,227.13173238618916,228.69293816499177,31109500
2024-10-25,230.11492919921875,231.91479719738325,228.28523030841902,228.45427709115,38802300
2024-10-28,232.09378051757812,233.41633904858514,231.24854661133642,232.01424158684446,36087100
2024-10-29,232.36228942871094,233.01859945208068,231.01985366097637,231.7954872619061,35417200
2024-10-30,228.812255859375,232.1633908639167,228.26533088908346,231.30820323038637,47070900
2024-10-31,224.6457061767578,228.5437662121666,224.10871977089283,228.05650301771783,64370100
2024-11-01,221.66249084472656,224.08883784550613,219.03726617591775,219.7333456007168,65276700
2024-11-04,220.7675323486328,221.5431659237015,218.48041626355018,219.7532516264011,44944500
2024-11-05,222.19947814941406,222.6966799421733,219.90240829460964,220.55871830266648,28111300
2024-11-06,221.4735565185547,224.80481443000403,219.95212032394844,221.36417152277414,54561100
2024-11-07,226.20692443847656,226.6046949785728,223.31322152292373,223.37288331058951,42137700
2024-11-08,225.93814086914062,227.63048374280507,225.39061415381417,226.1471868576639,38328800
2024-11-11,223.22042846679688,224.68381119249955,220.50272420052974,223.98696589218596,42005600
2024-11-12,223.22042846679688,224.5743058460154,222.354350392842,223.53899499841924,40398300
2024-11-13,224.10643005371094,225.629540269826,221.75705495073464,223.00142703514817,48566200
2024-11-14,227.19247436523438,227.83954176018094,223.9869707245471,224.0068849307252,44923900
2024-11-15,223.98695373535156,225.89830725108274,223.26024476090137,225.38064426033654,47923700
2024-11-18,226.99337768554688,228.70563485331775,224.15620331601912,224.2358449505769,44633700
2024-11-19,227.252197265625,229.123737666772,225.63949596937007,225.95804731142948,36211800
2024-11-20,227.9689483642578,228.89475383274825,224.8729502483013,227.0331781982001,35169600
2024-11-21,227.49111938476562,229.1237348668511,224.69377351516385,227.8494991340082,42108300
2024-11-22,228.8350372314453,229.6812162999479,227.03318893672346,227.03318893672346,38168300
2024-11-25,231.821533203125,232.19982717145672,228.70563588373938,230.41789305922475,90152800
2024-11-26,234.0016632080078,234.50937670519198,232.27945661483375,232.27945661483375,45986200
2024-11-27,233.87225341796875,234.62884134649127,232.75730092131053,233.41433300973634,33498400
2024-11-29,236.26145935058594,236.73929396987336,232.91658663539664,233.75280101667178,28481400
2024-12-02,238.51126098632812,239.70585504150458,236.0922091638524,236.20171450499868,48137100
2024-12-03,241.5574951171875,241.66700046466846,237.82437898500294,238.73028547870095,38861000
2024-12-04,241.91587829589844,243.01093178619982,240.16380790150487,241.7765092325954,44383900
2024-12-05,241.94573974609375,243.43898620611924,241.03984843814553,242.8914746561807,40033900
2024-12-06,241.7466278076172,243.52857697582414,240.99005511798387,241.81631992920728,36870600
2024-12-09,245.6390380859375,246.12683738886614,240.6615499788263,240.74119161135067,44649200
2024-12-10,246.65444946289062,247.09247084593116,244.23538234840328,245.77840669680953,36914800
2024-12-11,245.38018798828125,249.67077984834796,245.1512126229246,246.84357055082145,45205800
2024-12-12,246.8435821533203,247.62006903646127,244.57383373711528,245.77839247075497,32777500
2024-12-13,247.0128173828125,248.16758302178013,245.13132757947596,246.70421556592945,33155300
2024-12-16,249.90969848632812,250.24817919808956,246.53496239648825,246.8734431082497,51694800
2024-12-17,252.33872985839844,252.68716009783537,248.655391740455,248.95404406138837,51356400
2024-12-18,246.9331817626953,253.13512753347695,246.62457993830327,251.02467749046986,56774100
2024-12-19,248.66534423828125,250.86540066585474,245.97750369773615,246.3856613682502,60882300
2024-12-20,253.34420776367188,253.85190610745477,244.58382522076937,246.9232356335886,147495300
2024-12-23,254.1206817626953,254.49896052911285,252.30886880268173,253.62293295259332,40858800
2024-12-24,257.0375061035156,257.04744042152294,254.14058909817473,254.3397007808045,23234700
2024-12-26,257.8537902832031,258.9289447577566,256.4700643478404,257.02754060124687,27237100
2024-12-27,254.43923950195312,257.53525297634997,251.92063167469624,256.66914450564,42355300
2024-12-30,251.06451416015625,252.35866419404098,249.62104554893796,251.09437787562297,35557500
2024-12-31,249.29251098632812,252.1396347735265,248.30696287880588,251.30342042234355,39480700
2025-01-02,242.75210571289062,247.97846832553566,240.73124671787497,247.80922035937212,55740700
2025-01-03,242.26429748535156,243.08059762167903,240.80091479245596,242.26429748535156,40244100
2025-01-06,243.8969268798828,246.21643825220417,242.10502805254345,243.21003106356198,45045600
2025-01-07,241.11947631835938,244.44443460073458,240.263347789176,241.88599852058522,40856000
2025-01-08,241.6072540283203,242.61271628247306,238.96919157849698,240.83076714912374,37628900
2025-01-10,235.7836151123047,239.0787097724967,231.95094323601768,238.9293760168756,61710900
2025-01-13,233.34463500976562,233.61342361918983,228.68571346021633,232.47855694506205,49630700
2025-01-14,232.22967529296875,235.05688478727922,231.4233246799516,233.69305795736565,39435300
2025-01-15,236.79901123046875,237.88411516800545,233.3744970274307,233.5835582088168,39832000
2025-01-16,227.23226928710938,236.93837057014855,227.00330909981085,236.28135372007077,71759100
2025-01-17,228.94454956054688,231.24414674448963,227.4513030577177,231.0749139636463,68488300
2025-01-21,221.6375732421875,223.40955766052627,218.39225670760806,222.9914505136237,98070400
2025-01-22,222.8222198486328,223.11090745632038,218.80040121474653,218.80040121474653,64126500
2025-01-23,222.65301513671875,226.0078374632505,221.29913768199057,223.72815445577547,60234800
2025-01-24,221.77694702148438,224.614121166801,220.4131202139208,223.76794215782238,54697900
2025-01-27,228.8250732421875,231.10475600574816,222.9715426392062,223.01137104866308,94863400
2025-01-28,237.187255859375,239.1085741517517,229.77080167884077,229.81063008981926,75707600
2025-01-29,238.28231811523438,238.78006694024197,232.95639961161774,233.06590496072297,45486100
2025-01-30,236.520263671875,239.70585285329432,236.14198492507634,237.59540286874542,55658300
2025-01-31,234.93743896484375,246.07705979363328,232.38896748106293,246.07705979363328,100959800
2025-02-03,226.98341369628906,230.78622201033428,224.68381655532258,228.9545099800506,73063300
2025-02-04,231.75184631347656,232.08036234711574,225.62952690670866,226.2268315478868,45067300
2025-02-05,231.42332458496094,231.62242106375825,227.24223776986636,227.50106167329415,39620300
2025-02-06,232.16995239257812,232.74734282564026,229.39250557129796,230.24863411824003,29925300
2025-02-07,226.60511779785156,232.94643248808816,226.23677336593994,231.5527419594936,39707200
2025-02-10,226.8741912841797,229.80417456619486,226.42572786906877,228.7876615470872,33115600
2025-02-11,231.82725524902344,234.42836130351915,227.35256634016287,227.4223198813819,53718400
2025-02-12,236.06277465820312,236.15247950770552,229.89386689621963,230.41209906543347,45243300
2025-02-13,240.70689392089844,241.514131106333,234.7672133917818,236.10264318513748,53614100
2025-02-14,243.7664337158203,244.71319316935814,240.1687356269457,240.4278440984732,40896200
2025-02-18,243.6368865966797,244.34445851454996,241.01584434943877,243.31796980618805,48822500
2025-02-19,244.03550720214844,245.17162160901916,242.33134319523683,243.8262313730556,32204200
2025-02-20,244.99224853515625,245.93900803040836,243.45748811790233,244.10528213544586,32316900
2025-02-21,244.7132110595703,247.8425098737267,244.3843338177488,245.1118418459535,53197400
2025-02-24,246.25791931152344,248.01191597096326,243.58704451830639,244.0953010258401,51326400
2025-02-25,246.19810485839844,249.14802415538517,244.07537403321078,247.1548399621421,48013300
2025-02-26,239.5408935546875,244.14514449402503,238.3150894487839,243.49736566903925,44433600
2025-02-27,236.49131774902344,241.6337368385667,236.25213016109495,238.5941277716784,41153600
2025-02-28,241.01583862304688,241.26498665715278,229.41550676334808,236.14250368420718,56833400
2025-03-03,237.21881103515625,243.1983635012748,235.3053560708129,240.96599177281342,47184000
2025-03-04,235.1259765625,239.25188262538288,233.88023638606123,236.89992456399492,53798100
2025-03-05,234.93663024902344,235.7438674276595,228.44880585950324,234.61771347352882,47227600
2025-03-06,234.52801513671875,237.0493918731741,232.36541215599715,233.64104879709757,45170400
2025-03-07,238.25527954101562,240.54742919495166,233.95995483623878,234.3087681523361,46273600
2025-03-10,226.70477294921875,235.35520052510583,223.45588808739058,234.73730306532093,72071200
2025-03-11,220.08740234375,225.0703629938446,216.7089556312574,223.04728218644934,76137400
2025-03-12,216.24057006835938,220.99431909322652,214.17763213362198,219.38980505207962,62547500
2025-03-13,208.96543884277344,216.1010424274323,207.7097381833997,215.2140760046737,61368300
2025-03-14,212.76246643066406,213.22089031000854,208.86578742228792,210.53009451028822,60107600
2025-03-17,213.27072143554688,214.48656508270392,209.25445626243933,212.58307041465437,48073400
2025-03-18,211.96519470214844,214.4168029665515,210.76928711901598,213.43018643369246,42432400
2025-03-19,214.50650024414062,218.01449366985423,213.02157246340184,213.4899719913265,54385400
2025-03-20,213.37037658691406,216.74882322763474,211.4967785561088,213.2607508466693,48862900
2025-03-21,217.5261688232422,218.09421843072647,210.55998434888178,210.83902892918795,94127800
2025-03-24,219.977783203125,220.7252273230714,217.83511614199446,220.24686734420678,44299500
2025-03-25,222.98748779296875,223.3363011191594,219.32999652191663,220.0176475207108,34493600
2025-03-26,220.77503967285156,224.25315146564492,219.71865451354498,222.74828771017502,34466100
2025-03-27,223.08714294433594,224.22325730600966,219.8083464889556,220.63551973925667,37094800
2025-03-28,217.15740966796875,223.04727255158852,216.93815819229235,220.91456609374504,39818600
2025-03-31,221.37301635742188,224.8511131847691,215.49311362240712,216.27045427307317,65299300
2025-04-01,222.4293975830078,222.91771798921508,218.15400887457568,219.06091135294477,36412700
2025-04-02,223.12701416015625,224.4225869866718,220.2667995775576,220.56578026164416,35905900
2025-04-03,202.49757385253906,206.7829234026015,200.56418252947898,204.83955642508238,103419000
2025-04-04,187.738037109375,199.19884701911502,186.70157274086588,193.2292544699453,125910900
2025-04-07,180.84161376953125,193.48835506739644,174.02491207450518,176.59612158290105,160466300
2025-04-08,171.83242797851562,189.69135865616965,168.63337548243626,186.0637635998773,120859500
2025-04-09,198.17234802246094,199.926344669284,171.30421792842867,171.3640110222038,184395900
2025-04-10,189.7710723876953,194.11621470149436,182.37636057603893,188.42568213047016,121880000
2025-04-11,197.47471618652344,198.85997858079665,185.42592149027786,185.46579368960585,87435900
2025-04-14,201.829833984375,212.21432171985006,200.4744681359889,210.71943358737073,101352900
2025-04-15,201.45114135742188,202.81646776904176,199.11911932089467,201.1720967653651,51343900
2025-04-16,193.6079559326172,200.01603598224625,191.71442177543545,197.68401406478426,59732400
2025-04-17,196.3087158203125,198.15241736523095,193.75744237056688,196.5279673080365,52164700
2025-04-21,192.50172424316406,193.13954254760668,189.16313478921086,192.61134997705832,46742500
2025-04-22,199.059326171875,200.9030125684292,195.3021694205859,195.45165216386687,52976400
2025-04-23,203.9027557373047,207.29116289420588,202.10888686320854,205.29797863560773,52929200
2025-04-24,207.65989685058594,208.11833592046503,202.248408894664,204.1917605029567,47311000
2025-04-25,208.56680297851562,209.0352025034097,205.49729734578435,205.66671618569228,38222300
2025-04-28,209.4238739013672,210.77923983434187,206.7530142372406,209.2843516085664,38743100
2025-04-29,210.49021911621094,211.51670773820763,207.65988606249564,207.97880282615472,36827600
2025-04-30,211.77584838867188,212.85216981941505,205.96571387629956,208.58675630135352,52286500
2025-05-01,212.59304809570312,213.82881264887993,208.18809734114114,208.3674918385056,57365700
2025-05-02,204.65020751953125,206.28461806468735,201.4710760745947,205.38767599056177,101010600
2025-05-05,198.21221923828125,203.4044712176219,197.5345438511527,202.40787903175757,69018500
2025-05-06,197.83349609375,199.96620262041338,196.34858356859348,197.5345306234426,51216500
2025-05-07,195.58120727539062,198.7603386318323,192.59143085844198,198.49125449640593,68536700
2025-05-08,196.81698608398438,199.3682595147921,194.0165494128041,197.04619801698016,50478900
2025-05-09,197.8534393310547,199.85658408831688,196.86680762308345,198.32183886048443,36453900
2025-05-12,210.3471221923828,210.82612467262763,206.31561695740214,210.52675192915717,63775800
2025-05-13,212.48263549804688,212.95164926547025,208.56089957562318,209.98788789546765,51909300
2025-05-14,211.8839111328125,213.49052924285678,210.1375877621875,211.98369190366654,49325800
2025-05-15,211.00575256347656,212.51258988469863,209.0997617101353,210.506803034962,45029500
2025-05-16,210.81614685058594,212.12340739052024,209.3292870180407,211.9138418912236,54737900
2025-05-19,208.3413543701172,209.0398806327114,203.83084657536088,207.47318710280226,46140500
2025-05-20,206.42539978027344,208.03201787298204,204.5992426766309,207.23369558110693,42496600
2025-05-21,201.66542053222656,206.6050179110669,200.2883301620853,204.7389515122616,59211800
2025-05-22,200.93695068359375,202.32402973584547,199.28043462788855,200.28832240028711,46742400
2025-05-23,194.8597412109375,197.28462846236872,193.05354646446796,193.2630967266574,78432900
2025-05-27,199.78936767578125,200.31825293342968,197.01519441683536,197.88337691051132,56288500
2025-05-28,199.99893188476562,202.3040763244224,199.48002009942556,200.16857290124128,45339700
2025-05-29,199.5299072265625,203.38179807643976,198.09293019267844,203.15228556391767,51396800
2025-05-30,200.4280242919922,201.53569281345096,196.36656797106642,198.95112277889336,70819900
2025-06-02,201.27622985839844,201.70533435611304,199.69954757512772,199.85921507319503,35423300
2025-06-03,202.8429412841797,203.34189080211323,200.53779694760377,200.92697696252267,46381600
2025-06-04,202.3938751220703,205.80668775064265,201.67538665008354,202.4836823743862,43604000
2025-06-05,200.20848083496094,204.3198198340372,199.72947835269025,203.07244608657666,55126100
2025-06-06,203.49156188964844,205.26782088834017,201.62549563553227,202.57349663849442,46607700
2025-06-09,201.02674865722656,205.56719211084615,199.59976040917107,203.96057412654167,72862600
2025-06-10,202.24420166015625,203.92068000712237,200.14862275986277,200.17855851367187,54672600
2025-06-11,198.36236572265625,204.07034932786254,197.99314795828434,203.0724503091444,60989900
2025-06-12,198.78147888183594,199.26046614106752,196.94534836583952,198.66173587371065,43904600
2025-06-13,196.03726196289062,199.9490243445518,195.2888376882346,199.3103695725812,51447300
2025-06-16,198.0031280517578,198.27256505925683,196.1470352061455,196.8854859861783,43020700
2025-06-17,195.2289581298828,197.97318035709665,194.79986887227625,196.78567812068002,38856200
2025-06-18,196.1669921875,197.15491770400297,194.66017014117494,195.52833742048526,45394700
2025-06-20,200.5777130126953,201.27623931614946,196.44641147314488,197.82351706190548,96813500
2025-06-23,201.07664489746094,201.87496712850407,198.54198818263384,201.20637663769034,55814300
2025-06-24,199.87918090820312,203.0125832870988,199.77938491343542,202.16436301176623,54064000
2025-06-25,201.1365203857422,203.24208788881052,200.19849288768373,201.02675088646447,39525700
2025-06-26,200.5777130126953,202.2142668779585,199.04095514509618,201.00680230384165,50799100
2025-06-27,200.6575469970703,202.79305039965564,199.57981417332658,201.46584280819525,73188600
2025-06-30,204.7389373779297,206.95427439094752,198.84135059390303,201.58557286233471,91912800
2025-07-01,207.3833770751953,209.74839282792448,205.70689884063935,206.23578409144605,78788900
2025-07-02,211.99366760253906,212.8917706186518,207.7026988246806,208.47108532398713,67941800
2025-07-03,213.10133361816406,214.1990133776075,211.3649838836884,211.70426588787655,34955800
2025-07-07,209.50889587402344,215.77570049162512,208.36131809352125,212.23315593085263,50229000
2025-07-08,209.5687713623047,210.98578616820197,208.01205130024096,209.658593847986,42848900
2025-07-09,210.69639587402344,210.8859991217609,206.78463359109693,209.0897778625777,48749400
2025-07-10,211.9637451171875,213.03148920420767,209.58874045798783,210.06772774811225,44443600
2025-07-11,210.7163543701172,211.68431760849728,209.41908263784933,210.12759762046792,39765800
2025-07-14,208.1816864013672,210.46688365912564,207.10395364435493,209.48893166698292,38840100
2025-07-15,208.67066955566406,211.44482767792792,208.48106630115817,208.7804390594974,42296300
2025-07-16,209.7184600830078,211.9537441254909,208.20164932080104,209.85816533566302,47490500
2025-07-17,209.57875061035156,211.3550095983717,209.14964612579556,210.12759810142074,48068100
2025-07-18,210.73631286621094,211.34503189230253,209.25942654413325,210.42696659875526,48974600
2025-07-21,212.03358459472656,215.32665448510335,211.18537954340883,211.65439331220318,51377400
2025-07-22,213.9495391845703,214.49838667908332,211.78410018506472,212.69219192810166,46404100
2025-07-23,213.7000732421875,214.69797228179937,211.9637386583707,214.54829351654996,46989300
2025-07-24,213.31089782714844,215.23685093304425,213.08138530657155,213.45060308663847,46022600
2025-07-25,213.43064880371094,214.7877920897316,212.95164630742312,214.24891808809048,40268800
2025-07-28,213.6002960205078,214.39861831079742,212.61237047326716,213.5803337758995,37858000
2025-07-29,210.8261260986328,214.3586818606333,210.37707459375494,213.73000061776605,51411700
2025-07-30,208.6107940673828,211.94377315400357,207.28358653790625,211.454797150492,45512500
2025-07-31,207.1339111328125,209.39913099136336,206.72476887181696,208.0519764228089,80698400
2025-08-01,201.95480346679688,213.13126916468397,201.07664747870345,210.4269561886582,104434500
2025-08-04,202.9227752685547,207.44325668811337,201.25627047720934,204.0803265791815,75109300
2025-08-05,202.49366760253906,204.90858140720596,201.73526982787092,202.97265486934364,44155100
2025-08-06,212.8019561767578,214.9274858636443,205.15804638253505,205.1979708684584,108483100
2025-08-07,219.56771850585938,220.38600300495352,216.12496995802366,218.42014073215765,90224800
2025-08-08,228.86813354492188,230.51466074526758,218.78934791515115,220.36603010589778,113854000
2025-08-11,226.95997619628906,229.33767612130436,224.54232171734583,227.6992650180531,61806100
2025-08-12,229.42758178710938,230.57647717809445,226.8500938879156,227.78917070894937,55626200
2025-08-13,233.10403442382812,234.77241529044048,230.2068337695816,230.8462285986664,69878500
2025-08-14,232.5545654296875,234.89229562265464,230.6264418350812,233.83332460758467,51916300
2025-08-15,231.36570739746094,234.0531046408583,229.11788646444978,233.77337703316005,56038700
2025-08-18,230.66639709472656,232.89423321308522,229.88715369469057,231.47561022214762,37476200
2025-08-19,230.3367156982422,232.64447617946885,229.1278960385577,231.05601964615855,39402600
2025-08-20,225.79110717773438,230.24679444121838,225.55134937034353,229.75726351111018,42263900
2025-08-21,224.68218994140625,226.30063142153253,223.56327948127884,226.05087353353895,30621200
2025-08-22,227.53941345214844,228.8681272027074,225.1916985271248,225.95095699429655,42477800
2025-08-25,226.94000244140625,229.07792927219558,226.01089520624416,226.26065308481304,30983100
2025-08-26,229.08792114257812,229.26775474756235,224.4724002828088,226.65028173376106,54575100
2025-08-27,230.26678466796875,230.676376013076,228.03893336267103,228.38860049855515,31259500
2025-08-28,232.33477783203125,233.18396075811214,229.11789497993007,230.59647266873003,38074700
2025-08-29,231.91517639160156,233.15398096397084,231.145917853049,232.28481317583598,39418400
2025-09-02,229.49752807617188,230.62643860177437,226.75019132336067,229.02798202980685,44075600
2025-09-03,238.2390594482422,238.6186963224971,234.133039090421,236.98028515930878,66427800
2025-09-04,239.5477752685547,239.66765417218173,236.51072617258424,238.21906152531412,47549400
2025-09-05,239.45787048339844,241.08629675958926,238.25903569310344,239.76756781945676,54870400
2025-09-08,237.64962768554688,239.91741830634814,236.11111057683257,239.06825064349684,48999500
2025-09-09,234.123046875,238.5487492683241,233.13400016518182,236.77047435136637,66313900
2025-09-10,226.5703582763672,232.19491077497392,225.73117543382176,231.96513778704139,83440800
2025-09-11,229.80722045898438,230.22681187017153,226.43048902665416,226.66027725307507,50208600
2025-09-12,233.84332275390625,234.28288383192944,228.79821036620638,228.9980136278554,55824200
2025-09-15,236.47076416015625,237.95932665324483,234.80238330570734,236.77047667310174,42699500
2025-09-16,237.9193572998047,240.98639147239973,236.09114297984144,236.9502954777413,63421100
2025-09-17,238.75856018066406,239.86748583209587,237.4997706474641,238.73857528095925,46508000
2025-09-18,237.64962768554688,240.9664044724694,236.4208079152849,239.737599946219,44249600
2025-09-19,245.26223754882812,246.06146581163878,239.9773675285625,240.99636870073516,163741300
2025-09-22,255.8319854736328,256.3914711896616,247.8797028858207,248.05953649140056,105517400
2025-09-23,254.18359375,257.0907792625319,253.33442606621003,255.63220171436936,60275200
2025-09-24,252.06564331054688,255.4923293909784,250.79686899703333,254.9728287261993,42303700
2025-09-25,256.6212158203125,256.9209435623003,251.466224879955,252.96477212582877,55202100
2025-09-26,255.2126007080078,257.3505275669758,253.5342198150173,253.8539172209246,46076300
2025-09-29,254.18359375,254.75304905914027,252.76497075706976,254.31347273152574,40127700
2025-09-30,254.38340759277344,255.67215158054225,252.8648753735947,254.61318058017173,37704300
2025-10-01,255.20260620117188,258.53938316103813,254.6831055272507,254.7929996074261,48713900
2025-10-02,256.8809814453125,257.9299523535748,253.9038565188199,256.33149581258533,42630200
2025-10-03,257.7701110839844,258.9889308017334,253.70406057825727,254.42336451804394,49155600
2025-10-06,256.44140625,258.819106172963,254.80299514816292,257.7401350456914,44664100
2025-10-07,256.23162841796875,257.15072039039774,255.18262697514498,256.56129542181253,31955800
2025-10-08,257.8100891113281,258.2696351050741,255.8619653198879,256.2715719294531,36496900
2025-10-09,253.79396057128906,257.75013209688524,252.8948383011137,257.5603136690899,38322000
2025-10-10,245.032470703125,256.13171175032437,243.76369637579657,254.69310389004832,61999100
2025-10-13,247.42015075683594,249.44818352992385,245.32217845998096,249.13848619669534,38142900
2025-10-14,247.53004455566406,248.60900042906025,244.46301046499008,246.36117950382103,35478000
2025-10-15,249.09852600097656,251.5761352503302,247.2303418581919,249.24838988167792,33893600
2025-10-16,247.21035766601562,248.79881419551728,244.8926123625184,248.00958596667436,39777000
2025-10-17,252.045654296875,253.13461023404025,247.03052706557392,247.77980070207627,49147000
2025-10-20,261.98602294921875,264.1239650925819,255.3824390623343,255.64218177653177,90483000
2025-10-21,262.5155029296875,265.03308188579996,261.5764108568555,261.6263807259345,46695900
2025-10-22,258.19970703125,262.5954395959732,255.18261234613632,262.3956210979312,45015300
2025-10-23,259.3285827636719,260.36758405794774,257.76012648314656,259.68824995662277,32754900
2025-10-24,262.56549072265625,263.87421967110856,258.9290010880386,260.93706434715574,38253700
2025-10-27,268.5496520996094,268.8593494221352,264.3936774471076,264.6234656652487,44888200
2025-10-28,268.7394714355469,269.6286240979669,267.8902885694659,268.7294713644567,41534800
2025-10-29,269.4388122558594,271.1471476128123,266.85129379808274,269.01920560410514,51086700
2025-10-30,271.13714599609375,273.87451306817263,268.2199910571769,271.72657092903916,69886500
2025-10-31,270.108154296875,277.05143573891627,268.89933466249033,276.721738255342,86167100
2025-11-03,268.7894287109375,270.5877038096653,265.9921525413924,270.15812755648943,50194600
2025-11-04,269.7784729003906,271.22705027239556,267.36080327265466,268.0701070960229,49274800
2025-11-05,269.8783874511719,271.43687417180433,266.67147434431234,268.3498399683747,43683100
2025-11-06,269.50872802734375,273.1352174017799,267.6305743388968,267.6305743388968,51204000
2025-11-07,268.2099914550781,272.02629915101613,266.51162568814635,269.5386899523433,48227400
2025-11-10,269.42999267578125,273.7300109863281,267.4599914550781,268.9599914550781,41312400
2025-11-11,275.25,275.9100036621094,269.79998779296875,269.80999755859375,46208300
2025-11-12,273.4700012207031,275.7300109863281,271.70001220703125,275.0,48398000
2025-11-13,272.95001220703125,276.70001220703125,272.0899963378906,274.1099853515625,49565800
