Price,Close,High,Low,Open,Volume
Ticker,GOOG,GOOG,GOOG,GOOG,GOOG
Date,,,,,
2020-11-16,88.46361541748047,89.34210224720016,87.78376619529506,87.98290392040381,24936000
2020-11-17,87.90594482421875,88.64339861156786,87.74951408485073,88.24313778445598,22942000
2020-11-18,86.74536895751953,88.07080174601607,86.71358875951046,87.6615994921091,23470000
2020-11-19,87.59656524658203,87.87813907418395,86.25996287701602,86.32824409450092,24998000
2020-11-20,86.51744079589844,88.09713053872399,86.50105815463596,87.6606187752798,46270000
2020-11-23,86.15342712402344,87.09896008839227,85.30225725984842,86.88542502347123,43232000
2020-11-24,87.8428726196289,87.97794984411425,85.79736879323788,85.93691676620557,31560000
2020-11-25,87.96949768066406,88.32258068192824,87.23005870495021,88.04199957258817,20916000
2020-11-27,89.05010223388672,89.58692541003835,88.01965543168285,88.05193574801741,17698000
2020-11-30,87.43863677978516,88.79559980634644,87.15358490191596,88.45388308870092,36476000
2020-12-01,89.29393768310547,90.62135589829055,87.86720065764494,88.11550147210329,34738000
2020-12-02,90.77629852294922,91.15868391861666,88.86552333067591,89.29394228119898,24440000
2020-12-03,90.71768951416016,91.73224619755354,90.51308838630666,90.58062699052718,24546000
2020-12-04,90.77827453613281,91.03501671650999,90.23201731869553,90.60595371906307,27564000
2020-12-07,90.35567474365234,90.99579498873197,89.67533291775825,90.33183580370466,26418000
2020-12-08,90.30948638916016,90.47585126764606,89.19983151302829,89.88985740984829,21926000
2020-12-09,88.60018920898438,91.09015369158179,87.78974099788228,89.98471942656874,30152000
2020-12-10,88.16317749023438,88.46014125711915,86.42457170810688,87.88855230933521,27256000
2020-12-11,88.48298645019531,88.61607834959379,87.40188377022606,87.55384374235868,24414000
2020-12-14,87.40486145019531,89.25867611149724,87.26357823134042,88.14678589327933,32004000
2020-12-15,87.78773498535156,87.96899729214239,86.9027921109497,87.6213776974754,29646000
2020-12-16,87.55086517333984,88.04746678228955,87.2072161931232,88.04150325893988,30270000
2020-12-17,86.80099487304688,87.98708439196274,86.34213697110056,87.82449312778864,32494000
2020-12-18,85.96223449707031,87.1590461990516,85.42640396508894,87.11286109740938,80328000
2020-12-21,86.37739562988281,86.45089776294904,84.37261358419228,85.0931845470445,36568000
2020-12-22,85.58929443359375,86.27981288126546,85.04675775602949,86.132073592424,18734000
2020-12-23,86.0302734375,86.80546328080491,85.66576348918727,85.81822357899378,20676000
2020-12-24,86.35157012939453,86.70664604729721,85.86788063556062,86.16038123324647,6936000
2020-12-28,88.20092010498047,88.9278486626272,86.72328466948211,86.9864829403542,27860000
2020-12-29,87.33831787109375,89.01286315485197,87.20771140146256,88.78194521823438,25988000
2020-12-30,86.38484191894531,87.65490569979325,85.6935733207696,87.50170301067044,26122000
2020-12-31,86.99864959716797,87.34875466158964,86.18124524010686,86.18124524010686,20238000
2021-01-04,85.82467651367188,87.43416094779484,84.81210513504557,87.27971554833394,38038000
2021-01-05,86.4543685913086,86.78957620701044,85.31690413411205,85.66378116067315,22906000
2021-01-06,86.1747817993164,86.80596048792144,84.37260812123313,84.55287777406056,52042000
2021-01-07,88.75513458251953,88.81223892370902,86.26219213131584,86.41166668470011,45300000
2021-01-08,89.74634552001953,89.87695199963167,88.07404306013555,88.79138604026096,41012000
2021-01-11,87.73561096191406,89.10598639588073,87.42772034369571,88.69653400477449,24194000
2021-01-12,86.73394775390625,88.29774714914754,85.67916952119752,87.09994287337514,27140000
2021-01-13,87.12378692626953,87.65191867243024,86.30985313597574,86.33816282224139,21882000
2021-01-14,86.41761779785156,88.14728197733925,86.08091743532361,87.0850474222712,23590000
2021-01-15,86.21949005126953,87.20325938884481,85.49246293754388,86.31880887329885,26844000
2021-01-19,88.93440246582031,89.84889786069577,86.48118909961785,87.0170272514447,34692000
2021-01-20,93.70376586914062,94.53855311547629,90.65611726122195,90.9506031893154,49806000
2021-01-21,93.91978454589844,96.08546052520303,93.71419074084986,94.25499216619674,41278000
2021-01-22,94.40645599365234,94.89809436257674,93.44851097182695,94.13977963050202,25442000
2021-01-25,94.32451629638672,95.82325512902538,92.74184863470315,95.38078743440725,38546000
2021-01-26,95.21045684814453,95.59582022398403,93.57191990190354,93.80010994241069,26262000
2021-01-27,90.91732788085938,93.8577087603916,89.83523249678757,93.48675031044843,54966000
2021-01-28,92.52234649658203,94.29620299289358,91.50580443786549,91.57035749557768,35462000
2021-01-29,91.16315460205078,92.23283044287375,89.89483355305028,91.68110976359064,32252000
2021-02-01,94.42134857177734,95.46629885336267,91.91748702295025,92.04858603471745,32044000
2021-02-02,95.72045135498047,97.1233492544962,95.07387515023767,95.47462842864842,45474000
2021-02-03,102.80001068115234,105.10572703089974,100.23307382376947,102.9455145881989,82364000
2021-02-04,102.4176254272461,103.22112494851007,101.43534902427872,102.74141367609894,37046000
2021-02-05,104.18702697753906,104.41099632063766,102.26666622770678,102.79654085147969,30702000
2021-02-08,103.93424987792969,105.45569096544332,102.89585419269478,104.5798334997149,24838000
2021-02-09,103.46744537353516,104.54109937261362,103.22063733336277,103.22063733336277,17798000
2021-02-10,104.05691528320312,104.70200641313257,102.45339416940318,103.998818284505,22710000
2021-02-11,104.08223724365234,104.38714984460405,103.16004314219794,104.2620067842716,18914000
2021-02-12,104.49044799804688,104.72435149841463,103.44858173267288,103.8021573200339,17114000
2021-02-16,105.37389373779297,106.90243490328483,104.50285563064797,104.50285563064797,22676000
2021-02-17,105.69222259521484,105.95790629651489,104.23271264976394,104.28634647663638,21418000
2021-02-18,105.1405029296875,105.91197226654648,104.47058778252092,104.80231732410832,22432000
2021-02-19,104.34294891357422,105.80245872805783,104.1577159692045,105.24328938202082,29148000
2021-02-22,102.54228973388672,103.86026645449414,102.40621984466596,102.64756449976879,27350000
2021-02-23,102.83924102783203,103.39295455491721,99.4206341861193,100.56232687286911,33348000
2021-02-24,104.04647827148438,104.32507407718936,101.2138653056676,101.39760547584478,24966000
2021-02-25,100.8776626586914,104.0320784839666,100.37758297196469,102.66989460694384,36568000
2021-02-26,101.15081024169922,102.84670161369147,100.11787785693068,101.82916679049612,41670000
2021-03-01,103.36812591552734,103.61691926949968,101.60965936958632,102.12711438606556,28090000
2021-03-02,103.0865478515625,104.50335066083669,102.85910801329427,103.10393072642465,22692000
2021-03-03,100.64675903320312,103.71615530687461,99.81693504118692,102.65798972200093,29684000
2021-03-04,101.75814056396484,103.75199578296944,100.32693280311365,100.4808856718216,42360000
2021-03-05,104.71043395996094,105.18568204695694,101.62529202488939,102.9514674242567,43904000
2021-03-08,100.52062225341797,105.71705670681982,100.39348628723236,104.34246821749039,32948000
2021-03-09,101.93741607666016,103.19580287718115,101.69557133158327,102.7965347526403,33946000
2021-03-10,102.0531234741211,103.04483391737877,100.9774842066455,102.8839324499317,25372000
2021-03-11,105.01982879638672,105.56261554735316,102.91473520665973,102.99816391948156,24782000
2021-03-12,102.3952865600586,103.80265543335705,101.68167175761589,103.54144248438115,34516000
2021-03-15,102.62223815917969,102.65054027118828,101.4810454757214,102.41415890998138,25962000
2021-03-16,103.91487884521484,105.45633217204819,102.79653257266413,103.24297844757093,29832000
2021-03-17,103.84336853027344,104.77201110022234,102.00196591229783,103.0959806952385,25980000
2021-03-18,101.11900329589844,103.06965877537769,100.98641152358357,102.34958800456015,27228000
2021-03-19,101.46566009521484,101.95729091460534,100.19833162293648,101.40854817342468,46298000
2021-03-22,101.23670196533203,102.20011027796797,100.61495731014804,101.39810354673163,39096000
2021-03-23,101.95033264160156,102.91085399063236,101.26799792835693,101.88775731913691,27340000
2021-03-24,101.55802154541016,103.20425732721239,101.38396544508427,102.56662246738559,23080000
2021-03-25,101.52325439453125,102.24381779153703,99.85317981861238,101.5456005588539,28378000
2021-03-26,101.08573150634766,101.85248750211865,100.01654835965742,101.25011105546672,29870000
2021-03-29,102.09881591796875,102.22197367164188,100.09601911737299,100.70485170424155,24596000
2021-03-30,102.07845306396484,102.83527498742784,101.50686409622793,102.18224262398039,20732000
2021-03-31,102.72850799560547,103.95496309783704,102.1382934324015,102.25623783702686,29198000
2021-04-01,106.1610107421875,106.41875317220655,104.13189720333585,104.18453837054177,33980000
2021-04-05,110.52117156982422,111.105180115244,106.84980064800281,106.91535394206188,43298000
2021-04-06,110.48145294189453,111.12256584129652,109.98732915713552,110.36971454182618,27060000
2021-04-07,111.71947479248047,111.98366570346273,110.51025105593807,110.54998009498239,25798000
2021-04-08,112.50212097167969,113.42405745735331,112.11675762816488,113.12386565664774,27166000
2021-04-09,113.51717376708984,113.67410461282402,111.91980568049868,112.0680905535152,20888000
2021-04-12,111.97323608398438,112.99275609515577,111.16253032044648,112.5423395877862,31318000
2021-04-13,112.59300231933594,113.08661840783515,112.03779598848432,112.30497245933866,23310000
2021-04-14,111.9757080078125,113.12534188362673,111.69513447885198,112.98480884913563,20220000
2021-04-15,114.0525131225586,114.54598524165246,112.52993533428274,113.07519993735319,27472000
2021-04-16,114.10713958740234,114.53818793422272,113.44616595293898,114.36735987883522,22596000
2021-04-19,114.33755493164062,115.134598376673,113.6147486366865,113.82009236741743,24688000
2021-04-20,113.90203857421875,114.69511140758468,112.81348717611264,114.61018992543248,21774000
2021-04-21,113.8851547241211,113.98596631177932,112.16095377197585,113.48588658181055,23930000
2021-04-22,112.62528228759766,114.4052008828342,112.0556786331666,113.88217636454505,21096000
2021-04-23,114.9781723022461,115.50059817563802,113.13627707825277,113.39749001494873,28670000
2021-04-26,115.5462875366211,116.26735863155254,114.90567475762384,115.20810194233374,20834000
2021-04-27,114.57196044921875,116.07814801121411,114.43042716309434,116.00614622918422,31972000
2021-04-28,118.18672180175781,121.78549247633474,117.93544300392479,119.53921415086738,59728000
2021-04-29,120.66873168945312,120.99797577889495,119.29761381225978,119.69738206143543,39554000
2021-04-30,119.68695068359375,120.53217218777338,119.29166075067967,119.40736978099824,39142000
2021-05-03,118.94453430175781,120.16269958102548,118.41465968441923,119.31947096521989,33788000
2021-05-04,116.91243743896484,118.15443402408344,114.7993951294573,117.68167134481466,35120000
2021-05-05,117.03608703613281,118.30043735484581,116.77140358863262,117.61611735884537,21806000
2021-05-06,118.25823211669922,118.32577072968985,116.3208900719667,116.73316886200305,20618000
2021-05-07,119.11933135986328,119.99931097512678,118.6877829307849,119.18438453300577,23272000
2021-05-10,116.2872085571289,118.09186007583988,115.94306704866068,117.93741467717862,26006000
2021-05-11,114.65339660644531,115.31089210533827,113.37414886106842,113.81413867474863,32110000
2021-05-12,111.19307708740234,113.49184487851753,110.74464588842024,112.31688678777981,34934000
2021-05-13,112.32979583740234,113.05636817448878,111.37383623652822,112.28608859184449,26670000
2021-05-14,115.02088165283203,115.26818980983752,113.39004359937367,113.81265055541597,26624000
2021-05-17,115.2815933227539,115.37743403522374,113.970065306072,114.681202180192,19842000
2021-05-18,114.38871002197266,116.36121175024678,114.37529777706739,116.0511312565923,17302000
2021-05-19,114.65091705322266,115.05067773178804,112.40677566111775,112.45047533192839,19350000
2021-05-20,117.0038070678711,117.21486427042537,115.26570140984182,115.61084317058365,23832000
2021-05-21,116.45804595947266,117.64492355651544,116.32247619940796,117.495449011379,22832000
2021-05-24,119.515625,120.10211138815971,117.20344496256361,117.54560117294325,21244000
2021-05-25,119.63480377197266,120.81771069476025,119.33286914222899,120.17759048740629,18838000
2021-05-26,120.84949493408203,121.3169988124976,119.80588588080619,119.82177598118606,21856000
2021-05-27,119.30904388427734,121.17079991286172,119.28371216920267,121.01883993257229,38962000
2021-05-28,119.75846862792969,120.58182893798092,119.56627948820845,120.27493100209598,24108000
2021-06-01,120.66476440429688,121.07004153589497,119.4267383958153,120.27691561393496,19166000
2021-06-02,120.24115753173828,121.27011158120108,119.39295810261487,120.93788952957286,17158000
2021-06-03,119.413330078125,119.66833702895615,118.3317347629738,118.93708927187338,18346000
2021-06-04,121.75479888916016,121.8590355229707,120.06684891549519,120.30273772114525,25948000
2021-06-07,122.46643829345703,122.56129394102065,121.22409300877061,121.73296271736108,23850000
2021-06-08,123.29873657226562,123.87702407383425,122.57320232387482,123.15224000185016,25060000
2021-06-09,123.72332763671875,124.3987061448382,123.5212119286207,124.12557373759515,20126000
2021-06-10,125.22306823730469,125.30550428934926,123.85244289546971,123.85294301307565,31234000
2021-06-11,124.84217834472656,125.4907399632111,124.0654881083316,125.3879430603444,25240000
2021-06-14,125.49321746826172,125.55231469981257,124.19708689260577,124.81536108339026,22550000
2021-06-15,125.17638397216797,125.99975184122711,124.79449871188605,125.66206636909179,22182000
2021-06-16,124.84217834472656,125.66355333242663,123.30613528265158,125.38942825811543,26316000
2021-06-17,125.51209259033203,126.33198237451515,124.66190780284795,124.66985664188314,25756000
2021-06-18,124.71405029296875,125.5299694558261,123.75610530384152,124.85111283074656,53306000
2021-06-21,125.59551239013672,126.17330732080279,124.28373429375335,124.88536816229403,26256000
2021-06-22,126.13630676269531,126.4049684111792,125.16992046975791,125.59054208717977,20984000
2021-06-23,125.60196685791016,126.92739208529922,125.39388763803706,125.68986630985947,19694000
2021-06-24,126.4168930053711,126.66867190696708,126.09708295505482,126.18994570038419,18934000
2021-06-25,126.13184356689453,126.63837174489355,125.58458611628767,126.09409984468807,33484000
2021-06-28,125.9575424194336,126.47151933869631,125.11758733316614,126.13681184631469,28110000
2021-06-29,125.1619873046875,126.1368150392278,124.58443481532571,125.91086038644727,20950000
2021-06-30,124.46424865722656,124.94496013682813,123.90954251190973,124.79950170333403,24006000
2021-07-01,125.50959777832031,125.602960636694,124.00116739401577,124.00116739401577,17120000
2021-07-02,127.8441162109375,127.97225239581253,125.90737301210787,125.97739705021728,21160000
2021-07-06,128.88897705078125,129.0017156843559,127.53623468851816,128.56965953372003,21350000
2021-07-07,129.1934051513672,129.75197593719983,128.87805824544415,129.45511822895202,16680000
2021-07-08,128.29901123046875,129.14869583747404,127.16973058817217,127.37830992763305,19780000
2021-07-09,128.69381713867188,128.96695714492856,128.06710911677033,128.0681093520482,15106000
2021-07-12,129.6765899658203,129.88119869446976,128.71915266183112,128.95105568870275,16944000
2021-07-13,130.1041717529297,131.1445527781521,129.74908824958715,129.99193323710574,16618000
2021-07-14,131.1847686767578,132.09205775802025,131.00151346820178,131.0049991362441,17912000
2021-07-15,130.3743133544922,131.6937903398888,129.71036932726855,131.5994348157278,16586000
2021-07-16,130.94937133789062,131.28457134076675,129.93232924579308,130.74626299000448,14856000
2021-07-19,128.37547302246094,130.3549230687828,127.66335111861815,130.2640532282788,25710000
2021-07-20,130.21043395996094,131.10415924897688,128.31033568347462,129.12038978411883,19084000
2021-07-21,131.69923400878906,131.71587428440154,129.71382786408205,129.89806814697903,14742000
2021-07-22,132.4223175048828,132.59711620003762,131.50011571895737,131.748416553136,13608000
2021-07-23,136.87930297851562,137.86506515373657,133.78498421996255,134.3406755364177,26378000
2021-07-26,138.69537353515625,138.76340468505092,136.71542307644862,137.31035085997834,23052000
2021-07-27,135.86671447753906,139.05937415065188,134.18175774452874,139.05937415065188,42164000
2021-07-28,135.45455932617188,138.72666234133217,135.42327924102779,137.62023541491996,54688000
2021-07-29,135.61245727539062,136.21931206381885,135.21269662785772,135.4536472130092,19284000
2021-07-30,134.3019256591797,134.84853902782945,133.89789126835674,134.58996307973413,23954000
2021-08-02,135.06520080566406,135.09598076758107,133.75416538197373,134.56362836863565,20140000
2021-08-03,135.35374450683594,135.40886353152425,133.27149718319697,135.07564879525208,19064000
2021-08-04,135.10394287109375,135.60997092214097,134.49460265400916,135.3234338643048,16528000
2021-08-05,136.00926208496094,136.0191886621146,134.67837330254665,135.10395824854584,11866000
2021-08-06,136.10459899902344,136.14835171271093,135.12182242222875,135.36863804228918,13560000
2021-08-09,137.0640411376953,137.3813733514827,135.50149180055726,136.01820424284583,12374000
2021-08-10,137.1578826904297,137.60979196627912,136.29380075368363,137.1409999333521,16034000
2021-08-11,136.753662109375,137.90403871877487,136.41647674857114,137.34313407637697,15204000
2021-08-12,137.4488983154297,137.4772080030543,135.84935549940246,136.77699788671617,14646000
2021-08-13,137.4652862548828,137.73145488877051,137.0670108065785,137.41710826210658,12580000
2021-08-16,137.97183227539062,138.0458193754736,135.24028067380144,137.0620576737761,18040000
2021-08-17,136.3673095703125,137.7756710534001,135.85779581736506,137.25174482040944,21272000
2021-08-18,135.6417999267578,137.35408167289467,135.49381055435973,136.18357894097792,14934000
2021-08-19,135.98292541503906,136.51776328168305,134.4360162675486,134.5467544243469,18296000
2021-08-20,137.49609375,137.67239280699584,135.53948186549013,136.15129248449827,15564000
2021-08-23,140.14048767089844,141.21066359063633,137.80492325587718,138.0537696568132,21090000
2021-08-24,141.43064880371094,142.03551830058282,140.39275324615252,140.58146428481382,15126000
2021-08-25,141.97840881347656,142.33894815864903,141.47138046828576,141.91186285867823,12838000
2021-08-26,141.1570281982422,142.16194633566536,141.1257481150613,141.64915908057404,14922000
2021-08-27,143.56805419921875,144.0254193927158,141.05475069928977,141.14662080111486,24562000
2021-08-30,144.48080444335938,145.49387618809263,143.617222424269,143.72100442357987,16916000
2021-08-31,144.47332763671875,145.11890364656045,144.01446218702657,144.89295658963923,26756000
2021-09-01,144.85073852539062,145.82258823480043,144.62479146225667,144.66004217450092,15824000
2021-09-02,143.23876953125,145.33045830352296,143.12704629293356,144.95750697800352,21844000
2021-09-03,143.79100036621094,144.38891371814972,142.52964309852874,143.16627767861758,19104000
2021-09-07,144.5299530029297,144.8328879000874,143.55860329566937,143.76568231086588,15170000
2021-09-08,143.8987579345703,144.56171684076733,143.2199013510936,144.40528612114758,15486000
2021-09-09,143.92855834960938,144.67941673959078,143.4523251465258,143.89876346425862,14798000
2021-09-10,140.95640563964844,145.0265446135277,140.7781212891025,144.45495565014875,32896000
2021-09-13,142.48988342285156,143.21094683421506,141.3154255711307,142.2276854346635,20176000
2021-09-14,142.4313201904297,143.74382588138897,141.93421841606153,143.18117838664207,18916000
2021-09-15,144.21905517578125,144.5920064872075,141.2891088151266,142.78189914089353,20648000
2021-09-16,143.39224243164062,144.213117327754,142.44159458739804,144.13465947974922,20292000
2021-09-17,140.5020294189453,143.26908959112603,140.1027536523281,142.821150859102,60040000
2021-09-20,138.0721435546875,138.41530002843152,136.1214877579727,138.0554578117386,34918000
2021-09-21,138.69735717773438,139.85453838038688,137.9613962373602,139.16466403487448,18130000
2021-09-22,139.98060607910156,140.62121136802273,138.52382388374915,139.0986409645036,22068000
2021-09-23,140.862548828125,141.28560285700897,140.13749954100814,140.64701329530078,17272000
2021-09-24,141.66355895996094,141.93222820638988,139.89317290234948,139.98802854389947,14950000
2021-09-27,140.5392608642578,141.5314638843748,139.5450573737169,140.62317453651056,18844000
2021-09-28,135.25839233398438,138.65763094362842,134.77767324858462,138.1431463436552,42190000
2021-09-29,133.606689453125,136.46463420712936,133.33753525421145,136.17779403129396,26338000
2021-09-30,132.3597412109375,134.66843580325542,132.09604281719245,133.4120341977011,35294000
2021-10-01,135.53500366210938,136.13937310311758,132.47097986903137,132.64677879868594,28388000
2021-10-04,132.85581970214844,134.7776653863082,130.27498578434896,134.77716526875167,31530000
2021-10-05,135.25144958496094,136.4283930868425,133.08924403125957,133.08924403125957,24126000
2021-10-06,136.42044067382812,136.91505697476907,133.5724225240494,133.71048529028317,19764000
2021-10-07,138.239501953125,139.20186468657073,137.6212353104949,137.91919933786892,18250000
2021-10-08,139.10406494140625,139.3632925486433,138.48167620279116,138.9550905257886,18924000
2021-10-11,137.90380859375,139.80693816575743,137.8630868918461,138.8498341977493,16584000
2021-10-12,135.78378295898438,138.74552464386232,135.32393243555,138.68840515591376,22536000
2021-10-13,136.96270751953125,137.60829865629057,136.0454919328051,136.8137331099361,16380000
2021-10-14,140.4508819580078,140.68875611251582,138.39197324656283,139.00079832359202,21426000
2021-10-15,140.71206665039062,141.23349226932052,140.10571197349168,141.23349226932052,21250000
2021-10-18,141.98883056640625,142.02682434979795,140.2537104011497,140.2537104011497,16564000
2021-10-19,142.844482421875,143.12753382712847,142.1234037763773,142.3175858000167,15316000
2021-10-20,141.447021484375,143.2673281563743,140.94744950875403,143.24224650306607,17940000
2021-10-21,141.81004333496094,141.8785745941508,140.674306693,141.22554231673126,14850000
2021-10-22,137.6828155517578,140.59637978581947,136.2382029644016,139.39708248718503,30182000
2021-10-25,137.8297882080078,138.25964686111496,135.81905782730348,137.86703939152696,21082000
2021-10-26,138.72268676757812,139.88224736319526,138.06071289625487,139.65034433711952,28258000
2021-10-27,145.43228149414062,148.10448575533377,138.9516208762769,138.9516208762769,51850000
2021-10-28,145.1358184814453,146.42251519260307,143.77960541243874,146.29786464904376,32418000
2021-10-29,147.26275634765625,147.6029424525755,144.1798642898765,144.5309620531706,28954000
2021-11-01,142.7967987060547,147.3908636161742,142.60361692550896,147.1579452208492,32272000
2021-11-02,144.87161254882812,145.9219201385942,143.6579180531797,143.82516950418773,21150000
2021-11-03,145.7923126220703,145.9120074468041,144.06761901113322,145.28081350462404,17886000
2021-11-04,147.67242431640625,148.9308110245622,145.63834011962814,146.1995023306453,24700000
2021-11-05,148.22665405273438,149.54737380602026,147.6416528111932,148.33839245728046,20408000
2021-11-08,148.33639526367188,150.00795498418364,148.10646240892873,148.9804861104016,18388000
2021-11-09,148.2340850830078,149.35639433813856,146.50442094692883,148.7282012257974,16876000
2021-11-10,145.6294403076172,147.6893339766813,144.33727269624433,147.00377876436102,22708000
2021-11-11,145.75059509277344,147.49291393369234,145.69746138492712,146.10714864226023,12464000
2021-11-12,148.62840270996094,148.84095271018091,145.45859643930092,146.82673646210714,17048000
2021-11-15,148.37265014648438,149.45425299023046,147.64214502137054,148.9804900609706,16248000
2021-11-16,148.06277465820312,148.81413317433152,147.34171114537742,148.1566300636326,17254000
2021-11-17,148.04885864257812,148.6090358208911,147.5532572551044,148.21473098023026,15290000
2021-11-18,149.68466186523438,150.57953892529528,147.98579274933263,148.13228173562428,26658000
2021-11-19,148.9333038330078,150.81791359337745,148.86874319950553,149.97368480232643,19766000
2021-11-22,146.07884216308594,149.71992543024416,146.00632511481075,149.1212695387152,24608000
2021-11-23,145.759521484375,146.6901493393652,143.90470668240786,146.11310460168698,18126000
2021-11-24,145.7202911376953,146.00087225767157,144.21211836381826,145.35529623148872,16464000
2021-11-26,141.83538818359375,144.309454901125,141.51707089517092,144.0298739957344,16992000
2021-11-29,145.1208953857422,145.86381249404158,143.3177289782317,143.3177289782317,26276000
2021-11-30,141.48379516601562,145.63190725432978,141.10041710850942,144.46167744579685,41590000
2021-12-01,140.6554412841797,145.5034141829971,140.53824706981743,143.23230457794105,28476000
2021-12-02,142.79930114746094,143.69169287261596,140.0237846584891,140.860072277834,21250000
2021-12-03,141.55181884765625,144.22602349422434,140.19063510360218,143.51340136241285,26688000
2021-12-06,142.81915283203125,143.3703885477596,139.6910685963369,142.59817661420388,22198000
2021-12-07,147.03033447265625,147.2920475344647,144.7121984110845,144.9580137948666,23258000
2021-12-08,147.70968627929688,148.14271234135333,146.19951300271396,147.32332270438113,18964000
2021-12-09,147.099365234375,148.58816989341202,146.52629107389916,147.1688815821325,18580000
2021-12-10,147.6645050048828,148.38456831090036,146.3559547955763,148.08661944224747,21634000
2021-12-13,145.70738220214844,147.55275550901322,145.36522599147315,147.4350611682193,24104000
2021-12-14,143.98519897460938,144.45349098539916,141.27572808253723,143.7860612069143,24778000
2021-12-15,146.36688232421875,146.5146140427253,141.73558084850194,143.38478694937584,27280000
2021-12-16,143.8540496826172,147.5418102856595,143.11311797989157,147.07053286369882,27400000
2021-12-17,141.8323974609375,143.4782390274072,140.8242967688565,141.74449800342808,43404000
2021-12-20,141.43362426757812,141.6412033642859,139.2967431830419,139.72341923536803,20264000
2021-12-21,143.24026489257812,143.7086022655274,140.77165425025518,142.17703009097306,19548000
2021-12-22,145.9502410888672,146.3018237919621,142.9845283102409,143.1206057744027,18438000
2021-12-23,146.1424102783203,147.56278972961212,145.9520624884691,146.08976153453503,13818000
2021-12-27,147.05764770507812,147.41768692965346,146.24918483206406,146.4612347049545,13256000
2021-12-28,145.45263671875,147.36604132348995,144.94362305228609,147.36604132348995,18624000
2021-12-29,145.50875854492188,146.18338693573227,144.51555521525435,145.43427132621284,17022000
2021-12-30,145.01016235351562,146.06295539127672,144.76781748297324,145.45461535948124,12978000
2021-12-31,143.69615173339844,145.37019687634756,143.69416641809505,144.55477786949103,17298000
2022-01-03,144.08847045898438,144.56074822207472,142.5271637905284,143.49354263214246,25214000
2022-01-04,143.4349365234375,145.6135245103162,142.8386599633397,144.56123164081836,22928000
2022-01-05,136.7178955078125,143.3172346766713,136.58877424651124,143.20102554150014,49642000
2022-01-06,136.6160888671875,138.73658740768983,135.83395043682168,136.56295516304942,29050000
2022-01-07,136.07330322265625,137.3150496498337,134.86606490686677,136.96768011925698,19408000
2022-01-10,137.63214111328125,137.69768682416424,132.23556950904512,134.1807540369648,34096000
2022-01-11,139.06582641601562,139.37570228850257,135.88360867858768,137.24130661904286,23502000
2022-01-12,140.68524169921875,141.8435746287931,140.152889270692,140.59238653568121,23642000
2022-01-13,138.1853485107422,142.21229517301762,137.96982814883617,140.87643568208395,26566000
2022-01-14,138.83641052246094,140.24080142733288,136.5654521731575,136.5654521731575,23826000
2022-01-18,135.36416625976562,136.45768099201436,134.69525137857937,135.6715718841705,27382000
2022-01-19,134.72999572753906,137.45883429829988,134.57903599165317,136.0077658521999,20796000
2022-01-20,132.59909057617188,136.97464981865753,132.23955148290565,135.58615663934722,21930000
2022-01-21,129.20777893066406,133.84455060592666,129.1174092047253,132.10793029814172,41920000
2022-01-24,129.48587036132812,129.88961676245856,123.79477529965224,125.17090173866907,55148000
2022-01-25,125.87410736083984,128.4594198525649,125.51903901665523,127.56255743673402,36008000
2022-01-26,128.361572265625,131.90481396879233,126.28925196599668,129.70487277094642,39630000
2022-01-27,128.24339294433594,131.70863187790096,128.0685942727313,130.46815841958804,30248000
2022-01-28,132.38357543945312,132.46401860176192,127.81980509066949,129.11642823265385,30518000
2022-01-31,134.77618408203125,134.9202027873915,131.37496025728166,133.28587918578657,34056000
2022-02-01,136.94137573242188,137.26069326120614,133.6536327473979,136.8981837553438,51204000
2022-02-02,147.03033447265625,151.06622298026883,144.56817969394015,150.83131925347337,89750000
2022-02-03,141.6809539794922,148.10420757945724,141.23848624533957,144.30748100394734,56930000
2022-02-04,142.04397583007812,143.55289140192704,138.86721335908675,142.04496091029878,49224000
2022-02-07,137.99365234375,142.86878272644037,137.75627838496425,142.7322203346496,44610000
2022-02-08,138.2667999267578,138.88665780131754,135.94270798535706,138.0465663228581,34256000
2022-02-09,140.49159240722656,141.20918544454267,139.42290163188508,139.89243631999759,28628000
2022-02-10,137.6604461669922,140.46972797265894,137.11171107310065,138.5518527480684,33018000
2022-02-11,133.21836853027344,138.33658768929035,132.382581010914,137.80696310064772,38808000
2022-02-14,134.3804168701172,135.24102842531744,132.39599547702588,132.45905576690186,26792000
2022-02-15,135.4982452392578,136.96271070032822,134.61826565695532,136.53712581045966,26578000
2022-02-16,136.5530548095703,137.00843468650538,133.907311061049,135.5032320315137,25610000
2022-02-17,131.40924072265625,135.9094355299163,131.3034582669167,135.22462294717934,30968000
2022-02-18,129.58074951171875,132.91444267162132,129.4213938501965,132.13328925103136,31858000
2022-02-22,128.52297973632812,131.0042601787714,126.87277350874811,129.10152487204434,38906000
2022-02-23,126.71784210205078,130.85353451997378,126.63689882164768,130.18760516513512,26432000
2022-02-24,131.77175903320312,132.13279851909058,123.91652459743148,124.15042053435984,43166000
2022-02-25,133.60519409179688,134.46879103459742,130.8694146358547,132.61794687073737,26236000
2022-02-28,133.9741973876953,134.71859977074612,131.92248747870286,132.37860992669,29676000
2022-03-01,133.256103515625,135.1858907943642,132.47196451652619,133.5659794382893,24640000
2022-03-02,133.8356170654297,134.69374305838318,132.525581795612,133.6933411912823,23966000
2022-03-03,133.3951416015625,135.78459743953013,132.524103437031,135.05428933843208,19780000
2022-03-04,131.22398376464844,133.28687778916031,129.52212915672018,132.47592958022818,24446000
2022-03-07,125.6049575805664,131.00749334947648,125.5508312142727,131.00749334947648,39178000
2022-03-08,126.4134292602539,130.35446224720434,125.00531019351016,125.39241639194996,35250000
2022-03-09,132.95611572265625,133.2863599774669,129.20379475207946,130.50687362690772,32258000
2022-03-10,131.78021240234375,132.63088221284184,130.50791310372205,130.5689880772003,24266000
2022-03-11,129.58868408203125,133.28787210455567,129.4108998529499,133.08873436948377,26600000
2022-03-14,125.87957000732422,130.13544955613244,125.55380401021073,129.68552557565718,30254000
2022-03-15,128.7792205810547,129.63013268589725,125.70773356047486,126.87325748501357,30292000
2022-03-16,132.78184509277344,132.86178813394216,128.3228571601054,130.10962580669315,32058000
2022-03-17,133.68565368652344,133.82371646057518,131.81694145631218,132.41485480698876,23994000
2022-03-18,135.87168884277344,135.9829271185476,132.02849734524702,132.97402268932734,45900000
2022-03-21,135.55088806152344,136.6473883125815,133.69657325725458,135.91738332870798,26632000
2022-03-22,139.32406616210938,140.53826078027453,135.572244498286,135.572244498286,29776000
2022-03-23,137.5621337890625,139.073292314683,137.2274338398249,138.19282761235758,25302000
2022-03-24,140.35154724121094,140.43547607592194,137.101191703657,138.3259192080811,20544000
2022-03-25,140.5596160888672,140.99464263672576,138.74999354923477,140.7905340303311,19270000
2022-03-28,140.98519897460938,141.01152334676246,138.87777915970216,139.7282973460028,23774000
2022-03-29,142.2763671875,143.18267122550785,141.5155670635571,142.18748264880705,28678000
2022-03-30,141.6749725341797,142.50528894244454,141.2017097613591,141.89893427546133,21046000
2022-03-31,138.70034790039062,141.6749868930872,138.6700528965879,141.48031989766645,29516000
2022-04-01,139.74368286132812,139.99198365360309,137.85361735177182,139.05837024983683,23480000
2022-04-04,142.66619873046875,143.06471668231862,139.8673436245369,139.8673436245369,19076000
2022-04-05,140.10421752929688,142.61403470148457,139.98552296503664,142.4248387183098,19256000
2022-04-06,136.24365234375,138.89798879949925,135.4909146839789,138.2156616405898,23574000
2022-04-07,135.5374755859375,136.7655825379681,133.9406607258666,135.68943555938154,19448000
2022-04-08,133.0996551513672,135.32393565189548,132.84341309108885,135.32393565189548,16434000
2022-04-11,128.914306640625,132.03564686822963,128.73652239994706,131.99671346832326,24188000
2022-04-12,127.5019760131836,131.52345225258287,126.70890310200467,131.52345225258287,23004000
2022-04-13,129.40048217773438,129.76772007214777,127.56564150777218,127.75226116078501,19542000
2022-04-14,126.38809967041016,129.82185431291754,126.24756661483694,129.76152193998138,23484000
2022-04-18,127.09127807617188,127.83718073982732,125.71812943757428,126.544028184169,14918000
2022-04-19,129.64381408691406,130.01402233925847,126.58523892006583,127.20648346666104,22720000
2022-04-20,127.37384796142578,131.02684338606394,127.02478860174018,130.39169402041003,22610000
2022-04-21,124.08833312988281,129.42182982228826,123.8027887062224,128.47084860610641,30158000
2022-04-22,118.80101776123047,124.59934364890013,118.33074048533157,124.15041230265557,46410000
2022-04-25,122.41230010986328,122.44010967951982,117.96200363333601,118.61776389439238,34522000
2022-04-26,118.69374084472656,121.9156953668597,118.35193320549877,121.9156953668597,49394000
2022-04-27,114.23872375488281,116.70137079764105,112.35536439255087,113.59562562085578,62238000
2022-04-28,118.59988403320312,119.6199041532883,114.36128901176208,116.31899171172512,36790000
2022-04-29,114.18509674072266,118.15145353700517,113.91444977396297,116.77885051307213,33694000
2022-05-02,116.36071014404297,116.54197246397206,112.62874925812542,113.13230706125103,30280000
2022-05-03,117.32659912109375,118.48914516775888,115.83430888353642,115.97137141053472,21216000
2022-05-04,121.74188232421875,122.30602254431851,114.95185399011818,117.20145868947985,33232000
2022-05-05,115.9530029296875,120.40926300704201,114.39963763262759,119.40339009736124,43090000
2022-05-06,114.87388610839844,116.69988358969378,113.3671909691171,114.73383803100742,35310000
2022-05-09,112.31539916992188,114.77744789119988,111.78651721177197,112.53340498595678,34520000
2022-05-10,113.80570220947266,115.89788360569034,112.6126640760728,115.2517998529397,31158000
2022-05-11,113.18643188476562,115.87801172984584,112.87754865050653,112.9376385371114,36502000
2022-05-12,112.3918685913086,114.07584022504399,109.36508128199883,111.1771815216723,41464000
2022-05-13,115.72357177734375,117.2824003997645,113.22516618735563,114.06491665409045,29738000
2022-05-16,114.01229095458984,115.81494975666094,113.55789621016481,114.59977002840716,23282000
2022-05-17,115.90830993652344,116.43073582008283,114.55358226893068,116.43073582008283,21576000
2022-05-18,111.63704681396484,114.90930135246086,111.37980448800577,114.45427007892951,27982000
2022-05-19,109.99278259277344,112.81546890914696,109.71717234464619,111.08084141628031,29192000
2022-05-20,108.57003784179688,111.78503649794904,105.65001766138406,111.32369313228837,37586000
2022-05-23,110.90753173828125,111.24423214026388,108.41236155628438,109.35565159411144,31558000
2022-05-24,105.2060546875,105.67186121319772,101.51332253396392,105.65448591446943,60386000
2022-05-25,105.12013244628906,105.82053954981045,103.5029491848717,104.4273710798225,37900000
2022-05-26,107.55994415283203,108.21471938095945,104.77103056977111,105.32970743609883,30288000
2022-05-27,112.03234100341797,112.10086469507475,108.80542298250522,109.04229687404464,29924000
2022-05-31,113.26390838623047,115.6421343273915,111.80737646758043,112.31043416286929,51302000
2022-06-01,113.3612289428711,116.60105864816693,112.77871323440435,114.15033108836371,28630000
2022-06-02,116.94570922851562,117.09667654320671,112.5378697956403,113.4118934841274,27472000
2022-06-03,113.78533935546875,115.5736007647939,112.89542555147902,115.20412752147398,25052000
2022-06-06,116.2152099609375,118.58697986846538,115.73628672302861,115.94903372597989,23786000
2022-06-07,116.43272399902344,116.94834526478968,114.34302799093058,114.86197579662087,26414000
2022-06-08,116.44116973876953,117.83960474098375,115.90359632038924,116.08213073971825,22544000
2022-06-09,114.13693237304688,117.54560519921974,114.08627652096877,115.55075728502685,23142000
2022-06-10,110.670166015625,112.72560414136612,110.10751849074967,112.01471719493804,31324000
2022-06-13,106.15009307861328,108.47617042658251,105.86360145932794,106.71571852617872,36756000
2022-06-14,106.4654312133789,107.72033996425871,105.6291512136606,106.16349657161695,25480000
2022-06-15,109.64021301269531,111.30134615654562,107.38390199666425,108.1593419657488,33192000
2022-06-16,105.91122436523438,108.5476776894181,105.0734591737636,107.41443392201762,35314000
2022-06-17,107.13235473632812,108.50694297241267,104.91060526142162,105.810900200962,43516000
2022-06-21,111.253662109375,111.90718700263724,108.55066284303653,108.95638703991682,39010000
2022-06-22,111.27252960205078,112.99623796594392,109.97173129239299,110.40745496583803,23922000
2022-06-23,111.91861724853516,112.42713836119685,110.27436690601084,112.18230805303997,24710000
2022-06-24,117.7323226928711,117.83114137959278,112.83085975768661,112.83085975768661,39122000
2022-06-27,115.82984924316406,118.43949333453007,115.21232521362278,118.12663187072046,32840000
2022-06-28,111.80638122558594,117.05545640991579,111.67974538764318,115.56018814367552,28232000
2022-06-29,111.49351501464844,112.89194226797524,110.7957903744075,111.3862473719189,18628000
2022-06-30,108.62911224365234,110.57311469347712,106.58063068746858,109.74845113494449,38046000
2022-07-01,108.33961486816406,109.06003434143159,106.3770471282448,107.60066830926613,31028000
2022-07-05,113.11293029785156,113.27740077801062,105.52733655081326,106.78374553048306,36398000
2022-07-06,114.43042755126953,115.5611859137045,111.48756876631111,113.31655194729665,28852000
2022-07-07,118.4951171875,119.04733800088405,114.74875104473244,115.219536034506,32184000
2022-07-08,119.35174560546875,119.61642905396496,116.71528477183757,116.75104317989522,29082000
2022-07-11,115.73052215576172,117.98708304067769,115.4444776257993,117.84356444687418,26718000
2022-07-12,114.06890106201172,117.04851086046862,113.83599022833464,116.04438078226042,24970000
2022-07-13,111.42448425292969,114.37429897914463,111.06295986305567,111.87341555618028,38958000
2022-07-14,110.68257904052734,111.22635845772393,108.58244870643873,110.07274620815696,32366000
2022-07-15,112.00054931640625,113.22567073995222,111.06247266484746,112.19521630493217,34330000
2022-07-18,109.16297912597656,114.01974269173246,108.55712450241242,112.6689855878065,33354000
2022-07-19,113.8409652709961,114.02966874576146,109.74896493640318,110.97060833270874,30992300
2022-07-20,113.92041015625,115.53933630923396,112.49020262380105,113.2847606801528,26780100
2022-07-21,114.25809478759766,114.42693750966382,111.14937156072153,114.30775040009651,27267800
2022-07-22,107.6235122680664,112.41075196321306,106.86867562380985,111.05006068807873,44455300
2022-07-25,107.4745101928711,109.82840434775251,106.28266946339663,108.1399544738687,28289900
2022-07-26,104.72335815429688,107.00772119291918,104.04797960863033,106.69983059538612,36626600
2022-07-27,112.82788848876953,113.62245412544925,107.68309531399403,108.85507546044991,41474600
2022-07-28,113.81114959716797,113.92040255397569,111.09076764324122,112.03332256010901,23303800
2022-07-29,115.84723663330078,116.10547162265837,112.46041719410596,112.62925994280357,31336200
2022-08-01,114.69510650634766,116.32395911457525,113.91047508521356,114.74476211880085,22856200
2022-08-02,115.11225128173828,116.28423134950035,113.48339865570138,113.65224137945837,17911000
2022-08-03,117.97268676757812,118.60833627340719,115.36056481635995,115.54926829064244,25302800
2022-08-04,118.06208038330078,118.68779574172353,116.909960904572,117.49595479876403,15757700
2022-08-05,117.41648864746094,118.05213811703545,115.916749628212,116.13525555416687,15615700
2022-08-08,117.3370361328125,120.0385502953638,117.02914553757195,118.31037869161457,17061100
2022-08-09,116.70138549804688,117.39662476361512,115.76777198924981,117.18805298394464,15424300
2022-08-10,119.82997131347656,120.95228823638466,118.54873823641901,118.77717073608471,20497000
2022-08-11,119.00560760498047,121.50847634504426,118.73744607400684,121.25024896782199,16671600
2022-08-12,121.81637573242188,121.81637573242188,119.5816685005584,120.33650506503213,16121100
2022-08-15,122.04481506347656,122.42223715562085,120.74372120486865,121.37937069132897,15525000
2022-08-16,121.67733001708984,122.39044466336478,120.70895838185088,121.48861897828559,15626200
2022-08-17,119.50221252441406,121.31977625687284,119.3830254087065,120.10806710190032,17589200
2022-08-18,120.03854370117188,120.86290420560644,118.73744988691108,119.41282839044769,15652000
2022-08-19,117.31716918945312,119.18438854880354,116.8702231858715,119.05527485578983,20187000
2022-08-22,114.28790283203125,115.70818384672786,113.89061999859462,115.31090101329123,19316000
2022-08-23,113.98992156982422,115.14204085476057,113.52312245700206,113.54298318577673,14390700
2022-08-24,113.92041015625,114.93050374532602,113.00666498155272,113.67210934285143,16051200
2022-08-25,116.90001678466797,116.97947486143589,114.26803429519929,114.36735310238954,14874700
2022-08-26,110.54351806640625,115.80749042633003,110.46405999260524,115.02285899700776,31698700
2022-08-29,109.59004211425781,111.19903409464067,109.06364560826388,110.02705396566685,20386100
2022-08-30,109.16297912597656,110.61305504510946,108.06052284883788,110.27536198035803,20548200
2022-08-31,108.40813446044922,111.01032208279608,108.30881565259938,110.87127423629843,25898000
2022-09-01,109.79862213134766,110.46406648910384,107.45466185914013,108.45779168410175,22784400
2022-09-02,107.94133758544922,110.91598426957113,107.39507272608125,110.58325448770336,20618100
2022-09-06,106.7494888305664,108.13996732096346,105.7860804639774,107.40003574804634,20565100
2022-09-07,109.7291030883789,110.23563131172003,106.8835701995673,107.02758892040058,22987200
2022-09-08,108.67630004882812,109.82841947992603,107.32554299462903,108.43793338559875,21660700
2022-09-09,111.02025604248047,111.23876196589119,109.25235550221456,109.3020186948222,21732900
2022-09-12,111.10964965820312,111.87441282213105,110.17603618382878,111.22882919788367,19732900
2022-09-13,104.59423065185547,108.6266409540578,104.28634007264407,108.14990006532268,33015000
2022-09-14,105.15042114257812,105.37885362566415,103.78973008720511,104.723343481223,22115800
2022-09-15,103.19380950927734,105.48810637672297,102.60781570643243,104.29626561955249,26494900
2022-09-16,102.9256591796875,103.32294203035947,101.16272931692953,102.27014891698782,64540100
2022-09-19,103.14415740966797,103.31300014587099,101.67422082295761,101.84306355916064,19738600
2022-09-20,101.13788604736328,102.46877472936795,100.43271266812418,102.18074488530593,24001700
2022-09-21,99.33026123046875,102.78660436929312,99.31039292163136,101.54510028084249,26596800
2022-09-22,99.88644409179688,100.98890023422688,98.73433233660076,98.77405379579807,21272700
2022-09-23,98.4959716796875,99.42958522770691,97.34385976583845,99.3799220305629,25657000
2022-09-26,98.1384048461914,99.75733089662333,97.71132717109782,97.93976723907117,22437900
2022-09-27,97.42330932617188,99.77720390568413,96.678406841489,99.23094663010731,24225000
2022-09-28,100.05529022216797,100.7108079843318,97.1352779092305,97.35377625241257,24617000
2022-09-29,97.42330932617188,98.62509200302871,95.86398042800398,98.62509200302871,21921500
2022-09-30,95.49649810791016,98.81777167666374,95.37731098487271,97.06576112897415,26277800
2022-10-03,98.62508392333984,99.29052826986492,96.3605741902864,96.55921938311879,24840000
2022-10-04,101.71394348144531,102.02183404903307,100.35325236776238,100.35325236776238,22580900
2022-10-05,101.5252456665039,102.04170806429913,99.06209807249427,100.00564578308983,18475500
2022-10-06,101.54510498046875,103.02498337822091,100.81013664780187,100.81013664780187,17156200
2022-10-07,98.89324951171875,100.7306740498155,98.53569572751684,99.9659108643245,24249900
2022-10-10,98.0390853881836,99.31038425136023,97.20479835080103,99.17133641179646,16529900
2022-10-11,97.38358306884766,99.43951352228164,96.58901742661037,97.5822206906372,21617700
2022-10-12,97.63188934326172,98.97072699367946,97.00616640231655,97.60208687854148,17343400
2022-10-13,99.03229522705078,99.84672158959769,94.62247036872678,95.27798815146768,32812200
2022-10-14,96.51949310302734,100.60155910753977,96.37051109853005,99.94107803038207,22624800
2022-10-17,100.09501647949219,101.07828551788228,98.8336517597424,98.84357833583454,23311600
2022-10-18,100.70087432861328,103.51164127263478,99.96590606417412,103.23354558217343,21610500
2022-10-19,99.60835266113281,100.96804357643693,98.9578057590965,100.0155620443566,21573700
2022-10-20,99.84672546386719,102.29993880091689,99.29053404665551,100.13475532707746,25125100
2022-10-21,100.79026794433594,100.92931579147759,97.56235742026016,97.79078992161887,28988700
2022-10-24,102.27013397216797,102.39924765931433,99.61828326607534,101.39611031290339,24680800
2022-10-25,104.21681213378906,104.38565485926829,102.31979038357485,102.59789364485361,29910200
2022-10-26,94.17552947998047,97.87024668893879,93.92722867376058,96.10234616105942,71504300
2022-10-27,91.97061920166016,94.5231512445966,91.275379959436,93.66899584555583,54036500
2022-10-28,95.92356872558594,96.20166441454593,91.69549886314017,91.90109265695114,35696900
2022-10-31,94.01661682128906,95.69512504571323,93.7385135652675,95.1289995352196,29868700
2022-11-01,89.88489532470703,95.51139272035945,89.81537139938067,94.94029629746328,43220600
2022-11-02,86.47821044921875,90.67946371422306,86.41862067643025,90.29211503601825,43553600
2022-11-03,82.92253112792969,85.96173800234615,82.88280209154411,85.75812953244713,48510400
2022-11-04,86.1107177734375,86.14052023573473,83.30988494310704,84.92881107198549,40173300
2022-11-07,88.0474624633789,88.33549229174598,86.36894668265106,86.74636115902575,26899900
2022-11-08,88.30570983886719,89.79054393617074,87.05427154783787,88.55401066611286,30172000
2022-11-09,86.80596923828125,88.88176048138935,86.76624019729557,87.9431836735296,26743900
2022-11-10,93.52994537353516,93.907367446618,91.02707659419585,91.71238166301086,42371200
2022-11-11,96.07256317138672,96.69827855261605,93.52003087052077,94.06628816531267,30569100
2022-11-14,95.37731170654297,96.51949701728984,94.46654446211343,94.85091516983924,24170100
2022-11-15,98.04902648925781,99.7374689907648,96.36057641021137,97.99936329552077,31831000
2022-11-16,98.31719207763672,99.17134751777705,97.23658943843006,97.35378366881285,24660200
2022-11-17,97.83052062988281,98.80386315402339,96.44003455719891,96.51949263621844,21818700
2022-11-18,97.13528442382812,98.4860414992974,96.08248378770254,98.33705949085571,24969900
2022-11-21,95.17866516113281,98.04902182363357,95.01974901076781,96.89690246610458,18696900
2022-11-22,96.66847229003906,96.88498532042568,93.7683206741825,95.50642632840014,18868900
2022-11-23,98.14835357666016,98.39566175345192,96.67840930202391,96.67840930202391,17568900
2022-11-25,96.93663787841797,98.2675342038601,96.86711395244603,97.79575658740099,8567800
2022-11-28,95.59581756591797,97.16508059755766,95.23826377193576,96.53935766931889,19974500
2022-11-29,94.79131317138672,95.73485315387961,93.74844680965133,95.3475045229582,20220000
2022-11-30,100.76046752929688,100.76046752929688,94.02655065004306,94.4734966628274,39888100
2022-12-01,100.59162139892578,101.89271519864762,99.98576682557302,100.71080851382015,21771500
2022-12-02,100.14469146728516,100.46251622307057,98.4959703370897,98.694615545418,18821500
2022-12-05,99.19121551513672,101.0584349764682,98.67971642588161,99.13658903096676,19955500
2022-12-06,96.64860534667969,99.52889627270373,96.10234810845027,98.992565611096,20877600
2022-12-07,94.50328063964844,96.64859548974499,94.37913024668451,96.1122648828362,26647900
2022-12-08,93.31144714355469,95.21840324133728,93.16247271036373,95.0396263439683,25593200
2022-12-09,92.43743133544922,93.84777821058353,92.3877681391606,93.26179189758514,21885300
2022-12-12,92.92408752441406,93.23694895236896,91.2753741783329,92.45728081525563,27380900
2022-12-13,95.19852447509766,99.12168163156254,94.73171776226799,97.40343677461024,34788500
2022-12-14,94.66220092773438,96.55922280441791,93.30151730193226,94.89064101320092,26452900
2022-12-15,90.58013153076172,93.39089848982981,89.81536837789909,92.90423102891724,28298800
2022-12-16,90.24243927001953,91.12638947177149,89.39821810377244,90.58012470550287,48485500
2022-12-19,88.54407501220703,90.58013721462576,88.32060578697738,90.26231246423389,23020500
2022-12-20,89.02080535888672,89.16978736321556,87.44161581460381,88.12692848799274,21976800
2022-12-21,89.63658905029297,90.29707008944192,88.30570039579547,89.12012671896804,20336400
2022-12-22,87.66011047363281,88.57385553564636,86.34908264366686,88.32555475286843,23656100
2022-12-23,89.19957733154297,89.48760717002418,87.02446746738481,87.02446746738481,17815000
2022-12-27,87.33235931396484,88.89168806405394,86.94004737673795,88.70297702770877,15470900
2022-12-28,85.87236022949219,87.91835669371382,85.78297556573423,86.90529261675617,17879600
2022-12-29,88.34542846679688,88.75760873609705,86.39875095299075,86.4384799933794,18280700
2022-12-30,88.12693786621094,88.22625668715288,86.4384876000366,86.77120981783928,19190300
2023-01-03,89.09032440185547,90.92775639198945,88.41494591977562,89.21944566804987,20738500
2023-01-04,88.10707092285156,90.61987426162709,87.20325978745099,90.39144172766956,27046500
2023-01-05,86.18023681640625,87.61045182410166,85.97166505737383,87.4714039847467,23136100
2023-01-06,87.56079864501953,87.86868921535695,84.98839839038199,86.76623304587501,26612600
2023-01-09,88.19644165039062,90.21264280732377,87.97793574771123,88.58875355562785,22996700
2023-01-10,88.63345336914062,88.8668567324073,86.11071627710662,86.13058458495952,22855600
2023-01-11,91.6329345703125,91.8216380363287,89.13005812040355,89.44788285939553,25998800
2023-01-12,91.28530883789062,91.99048219354599,89.95441262285705,91.77197627932115,22754200
2023-01-13,92.16926574707031,92.34804263733666,90.31197291916662,90.90590804551623,18630700
2023-01-17,91.53361511230469,92.33810731959731,90.22257954851013,92.14939627737729,22935800
2023-01-18,91.15619659423828,92.95190680596515,90.7787820725718,92.30831604596713,19641600
2023-01-19,93.271728515625,93.75839602643875,90.75891772133187,90.76885187635992,28707700
2023-01-20,98.60521697998047,98.7442648281179,95.25812689297854,95.29784835455546,53704800
2023-01-23,100.5220947265625,100.71080575893171,98.0788157696066,98.45623025680598,31791800
2023-01-24,98.53569030761719,100.40290962876882,98.02915454493625,98.87338334191755,27391400
2023-01-25,96.07256317138672,97.05583236404428,94.61453835317467,96.53936237974118,31000900
2023-01-26,98.48603057861328,98.53568619089461,96.16193120623514,97.61200693402644,24542100
2023-01-27,100.02549743652344,100.88958698363005,98.29732591984958,98.37678399769513,29020400
2023-01-30,97.28425598144531,98.73333916952721,96.85717827788066,98.07385832960358,24365100
2023-01-31,99.19121551513672,99.23094455612757,97.12535084885097,97.19487477620002,22306800
2023-02-01,100.74060821533203,101.49544482401241,97.75106424391362,99.06209226028501,26392600
2023-02-02,108.06051635742188,108.08037708825424,105.81587489639395,106.06417570826528,46622600
2023-02-03,104.50484466552734,107.28580915216041,102.59789628997224,102.80646805815427,36823400
2023-02-06,102.76673889160156,103.98837461479222,101.51530070653128,101.98707072284537,25573000
2023-02-07,107.30567932128906,107.93139463668801,102.84420598747944,102.92564938087827,33738800
2023-02-08,99.32032012939453,102.87598940863623,97.78582300200476,101.99203916568776,73546000
2023-02-09,94.8111801147461,99.9261783018846,93.22205645071823,99.85665437838149,97798600
2023-02-10,94.21525573730469,96.36057069940037,93.88749686415954,95.08927182148604,49325300
2023-02-13,94.35430908203125,94.70192870524663,93.41076902222673,94.36424323627725,43116600
2023-02-14,94.30464935302734,94.5281261553057,92.02028633258648,94.01662706716678,42513100
2023-02-15,96.44003295898438,96.67839961455326,93.71865820674988,94.09607270952888,36964500
2023-02-16,95.1290054321289,97.21473072757868,94.32451322985784,94.89063877544477,35642100
2023-02-17,93.94709014892578,95.0992095361386,92.81483906979004,94.4238310347647,31095100
2023-02-21,91.42436981201172,92.78009023952438,91.37470661435745,92.60627662527453,28367200
2023-02-22,91.17606353759766,91.7322549459406,90.25238419014835,91.30914786599993,29891100
2023-02-23,90.45101165771484,91.50380458459307,89.39821873083663,91.50380458459307,32423700
2023-02-24,88.74270629882812,89.51740359895886,88.25603884215047,89.02080198835822,31295600
2023-02-27,89.48760986328125,89.83522947965548,89.00094240035733,89.47767570923075,22724300
2023-02-28,89.68624877929688,90.82842635636355,88.91154394590671,88.9314122526171,30546900
2023-03-01,89.89482116699219,90.58012620254601,89.23930343663592,89.54720157250273,26323900
2023-03-02,91.68258666992188,91.85143697598745,89.15984958576476,89.24924181574528,23328600
2023-03-03,93.38096618652344,93.47035841930149,92.03021673850138,92.10966723953366,30242500
2023-03-06,94.93037414550781,95.64548174079101,93.65907512168873,93.71866489544904,28288200
2023-03-07,93.52994537353516,95.43689373660693,93.20616470053571,94.77144939806718,24101500
2023-03-08,94.00668334960938,95.5858727828209,93.76334584040264,93.76334584040264,25395200
2023-03-09,92.03022003173828,95.26805728523553,91.72729272669056,93.84777628448488,24438900
2023-03-10,90.39143371582031,92.546683040593,90.18286193383003,91.87130449901218,32850100
2023-03-13,91.0370101928711,92.4473569375284,89.3286994531277,89.94945146160775,31508600
2023-03-14,93.60940551757812,94.18546521629575,92.14939554007007,92.43742538942888,32303900
2023-03-15,95.89378356933594,96.58902286226427,92.40763779470394,92.90423945466418,38367300
2023-03-16,100.38304901123047,101.27693342357118,95.21839530498953,95.91363452706608,54499500
2023-03-17,101.76361083984375,102.78660904283481,100.0652340789256,100.1546187401392,76140300
2023-03-20,101.2372055053711,101.88278912017725,100.104954429728,100.37311596762693,26033900
2023-03-21,105.1206283569336,105.23981547486385,101.16768366482349,101.28687078275374,33122800
2023-03-22,103.51164245605469,106.77928201141202,103.50170830198485,104.42538761445692,32336900
2023-03-23,105.53778076171875,106.37306052241634,104.69355950436757,105.17029282679528,31385800
2023-03-24,105.33912658691406,105.43845296670091,104.02809869564,105.02130187319729,25236200
2023-03-27,102.35952758789062,104.68362720286413,101.93244987448958,104.60416912187331,25393400
2023-03-28,100.67107391357422,102.29992650610916,99.5984126714057,102.29992650610916,24913500
2023-03-29,101.20740509033203,102.12115019310482,100.34331559980667,102.02183139107106,26148300
2023-03-30,100.63134765625,100.91937749279721,99.60834957534662,100.75053476785062,25009800
2023-03-31,103.29314422607422,103.48185527976155,100.75054617762977,101.01870773717607,28108000
2023-04-03,104.19694519042969,104.23666664784749,101.68413487782203,101.97216469810209,20719900
2023-04-04,104.40552520751953,105.37886011963423,103.88905528973119,104.1274219408047,20377200
2023-04-05,104.23667907714844,105.81587620043213,103.39444313724364,105.39873264995701,21864200
2023-04-06,108.15984344482422,108.88487762755793,104.10260877762528,105.05111219263884,34684200
2023-04-10,106.22307586669922,107.23614734224502,104.88225310439572,106.66008768576124,19741500
2023-04-11,105.39872741699219,106.49124943293918,104.56443277992452,106.19328543879949,18721300
2023-04-12,104.50484466552734,106.85575348889417,104.2565438589955,106.6600938476143,22761600
2023-04-13,107.45465850830078,107.52914571858524,105.71655287796429,105.74634776207807,21650700
2023-04-14,108.71602630615234,108.835213423486,106.8587335097848,106.95805989633256,20758700
2023-04-17,105.69669342041016,105.98472328685942,104.60417130537009,104.71342427462808,29043400
2023-04-18,104.40552520751953,106.32240772509635,104.06783217242112,106.2727445330839,17641400
2023-04-19,104.30619812011719,105.00640820405924,103.09449656509996,103.5066692303592,16732000
2023-04-20,105.18022918701172,106.16151300008715,103.92879092869914,103.93872508324043,22515300
2023-04-21,105.19015502929688,105.91518912518399,104.76804063635475,105.36892433167526,22379000
2023-04-24,106.05424499511719,106.5905756754658,104.6438981565373,105.32921084435048,21410900
2023-04-25,103.89900207519531,106.70976934794172,103.84933887714503,105.88540875656405,31408100
2023-04-26,103.74008178710938,106.29261396828335,102.56810158850384,104.8425380577273,37068200
2023-04-27,107.63345336914062,108.4081507956578,103.71029545883631,104.51479535198455,38235200
2023-04-28,107.48446655273438,107.55399048335872,105.31928297073871,107.06732296898826,23957900
2023-05-01,106.9779281616211,107.94133658968804,106.76935637475195,106.98786231648342,20926300
2023-05-02,105.25968170166016,106.99778735502116,103.78973758641469,106.9282634319883,20343100
2023-05-03,105.39872741699219,107.3950604140951,104.90212581178545,105.49804622252572,17116300
2023-05-04,104.49491119384766,105.57750665771563,103.98837542350432,105.43845881135304,19780600
2023-05-05,105.49307250976562,105.71654928810871,104.02710667184996,104.60415899455309,20710600
2023-05-08,107.50431823730469,107.68309512636915,105.07097329271453,105.07593658107706,17266000
2023-05-09,107.20635986328125,109.84331324601239,106.99281722693271,108.04064694542788,24782400
2023-05-10,111.5168685913086,112.73851202035469,107.74270048683408,107.81222441677718,47533500
2023-05-11,116.10546112060547,117.63499503069592,114.14884951109016,115.07252883414675,57115100
2023-05-12,117.1185302734375,117.45622333274814,115.75784661419164,116.20478506419185,31293800
2023-05-15,116.1650619506836,117.9875891736298,115.68832859002951,115.69825516761887,22107900
2023-05-16,119.27377319335938,120.37622939354988,116.03593609387349,116.03593609387349,32370100
2023-05-17,120.65433502197266,121.44889308123003,118.64806019895335,119.36316775656262,26659600
2023-05-18,122.68047332763672,123.0578954467853,120.66427175811826,120.73379568887613,27014500
2023-05-19,122.41230010986328,125.61934969441552,121.88590360171602,123.35584016285863,30268900
2023-05-22,125.01448822021484,126.18646828720705,122.61093074211966,122.67052808623045,29760200
2023-05-23,122.45203399658203,124.5675542670934,122.21366732973814,124.08088677883805,24477900
2023-05-24,120.81324005126953,121.91569624058509,119.92928978452667,121.05160670428555,23087900
2023-05-25,123.50482177734375,125.12374791339717,122.06468010570865,124.35897717270534,33812700
2023-05-26,124.57748413085938,125.14360968107697,122.45202977898711,123.22176381435877,25154700
2023-05-30,123.79285430908203,125.52102586799191,122.05474859581382,125.43164121138568,27230700
2023-05-31,122.53148651123047,124.05108625682428,122.26331739286722,122.85923782167312,41548800
2023-06-01,123.52468872070312,124.19013306768964,122.46196156531565,122.66059918074647,25017700
2023-06-02,124.37884521484375,125.88354751888016,123.5048215130662,123.64386936061456,19367500
2023-06-05,125.76932525634766,127.12008228724162,123.53461793608714,123.7630580184978,22672500
2023-06-06,127.04063415527344,128.0040425414935,125.11381738283332,125.73953271626199,19450100
2023-06-07,122.10440063476562,128.66947422102234,121.79650249810325,126.70789189036707,34179300
2023-06-08,121.83624267578125,122.88904328920802,121.18073246132641,121.75182130757703,24815000
2023-06-09,122.0348892211914,123.440272765704,121.58794320057325,121.72699105297721,20304500
2023-06-12,123.50482177734375,123.90210459013463,121.51841529092877,122.55631086147115,22255700
2023-06-13,123.58428192138672,125.00456288601805,123.003258923702,124.79599111076249,19287700
2023-06-14,123.53462219238281,123.94183917754627,121.32971725889053,122.95857004446486,24659600
2023-06-15,124.93504333496094,125.30253128187114,122.30305308880675,123.03802140508739,24517100
2023-06-16,123.21680450439453,125.83886072789555,122.94864293547427,125.83886072789555,56699200
2023-06-20,123.00822448730469,124.32422337741933,121.99516047767672,122.6953706074044,22698000
2023-06-21,120.43583679199219,122.57122544704417,120.03855394819693,122.39741183490251,22612000
2023-06-22,123.02809143066406,123.09264449030236,118.78710923648109,119.83990985239453,20781900
2023-06-23,122.18386840820312,122.60101955919797,121.03175650377432,121.21053340347498,29573100
2023-06-26,118.28057861328125,121.88591148011491,118.18125979773666,120.64043671104724,23185000
2023-06-27,118.20111846923828,119.08009787155268,116.11539320271264,117.03906493174689,27221700
2023-06-28,120.25704193115234,120.44574538117935,116.80069155713065,117.15824530539285,19753100
2023-06-29,119.19432830810547,120.08821277976503,118.39976264939926,119.27377881194433,18517500
2023-06-30,120.14779663085938,121.2005896358522,120.05840439932904,120.27691032358173,23871800
2023-07-03,119.74058532714844,120.19745792784617,118.89140076393556,119.50221866103216,13888300
2023-07-05,121.79651641845703,122.53149230703713,119.24398427267846,119.24398427267846,17830300
2023-07-06,120.10807800292969,120.32658394612217,118.43949611927974,119.82004813031595,17732500
2023-07-07,119.32343292236328,120.92249069504712,119.27376973089793,120.06833532910896,20997700
2023-07-10,116.0756607055664,118.26070471443128,115.84722063546171,118.26070471443128,32960100
2023-07-11,116.90995025634766,117.42144930905465,115.04273092843452,115.96641022723787,18286600
2023-07-12,118.80697631835938,120.13786504538717,118.19118757116681,118.48915157925278,22059600
2023-07-13,123.9815673828125,124.48313231179097,120.2371867701117,120.71392767909752,31535900
2023-07-14,124.84563446044922,126.22618624973646,124.05107647719387,124.27950896108351,20499800
2023-07-17,124.20999145507812,126.41490380144694,123.65380008033253,125.20319466857477,20675300
2023-07-18,123.23666381835938,124.14047485563204,122.46196647854292,124.05605348680996,21045800
2023-07-19,121.94548797607422,124.61720701529471,121.63759740814825,123.94182853457329,22313800
2023-07-20,118.71759033203125,123.85244962180235,117.87833232338083,121.28999084308815,27541700
2023-07-21,119.49227905273438,120.47555571347311,118.26070916021418,120.04847801833975,56514600
2023-07-24,121.0516128540039,122.5116228857852,120.55501121476073,121.09730541816157,22276100
2023-07-25,121.95542907714844,122.84931352572141,120.7039908491463,121.0516104742748,31820800
2023-07-26,128.77871704101562,130.477085848022,127.83517713100358,129.47395617707312,46216900
2023-07-27,128.9873046875,132.6919638210211,128.3019920018063,130.90419489205476,35931600
2023-07-28,132.10597229003906,133.1587805726006,130.03018092320707,130.0798441217842,26971000
2023-07-31,132.20529174804688,132.9203993357979,131.23195675836118,132.10596535610605,18381900
2023-08-01,130.99359130859375,132.01658956295688,129.86134007778986,129.96562218777584,22154300
2023-08-02,127.76566314697266,129.53356368736996,126.98103168445736,128.95750399425148,22705800
2023-08-03,127.894775390625,128.88797855244223,126.90653551670292,127.49748503285159,15018100
2023-08-04,127.66634368896484,131.033302221636,127.44288204270669,128.71915190218343,20521900
2023-08-07,131.04324340820312,131.162422952378,128.55029347196347,128.6297515531065,17621000
2023-08-08,130.94390869140625,131.0432350752888,129.2455396745946,130.08975331728277,16836000
2023-08-09,129.26539611816406,131.56963491821122,128.62479093757165,131.29153922235432,17745200
2023-08-10,129.3249969482422,131.74542966075936,129.1511833550654,131.07302914614883,17855700
2023-08-11,129.28526306152344,129.5534321779395,127.87491628883082,128.32384002810613,15205500
2023-08-14,130.93399047851562,131.01344855968142,128.7092096711116,128.96745222367028,17526200
2023-08-15,129.38458251953125,131.09289320176865,128.93664388435008,130.6956028366682,14769200
2023-08-16,128.23248291015625,130.00832489221827,127.58690680583737,128.40132565813073,17548400
2023-08-17,129.57330322265625,131.59048969658667,128.96744863133736,129.56336149086283,23665600
2023-08-18,127.2392807006836,128.94759166067027,126.13682438528615,128.18282084420312,23627200
2023-08-21,128.05368041992188,128.38143929227465,126.29572167968155,126.9810267302367,21851100
2023-08-22,128.80853271484375,130.05996336176372,128.04873283009252,128.25234131621266,15557900
2023-08-23,132.30462646484375,133.15878196200924,129.6229652645024,129.96066592530224,26497000
2023-08-24,129.53358459472656,134.05266306034392,129.4144050372861,133.81131839449455,18680400
2023-08-25,129.80174255371094,130.50690841449438,127.16974469838915,129.25547770410984,20678100
2023-08-28,130.89425659179688,132.33441350474482,129.96065821754578,131.18229403641834,16715500
2023-08-29,134.56912231445312,136.36184701971675,132.0761722999378,132.0940552941573,30803300
2023-08-30,135.99932861328125,136.31716096245935,134.10330679652688,134.648586594516,21773400
2023-08-31,136.41647338867188,137.45932468428813,135.89007687495427,136.1185093806048,28147900
2023-09-01,135.87022399902344,137.63812478459252,135.0160684949219,137.48913518609672,16671600
2023-09-05,135.78082275390625,136.4363253799754,134.63862992522493,135.51265363342227,17730200
2023-09-06,134.44992065429688,136.5455801421819,133.7745497109416,136.0837442628217,15814300
2023-09-07,135.2742919921875,135.6517141113346,133.04952620794418,133.6851757398823,16976000
2023-09-08,136.26748657226562,136.58034802933074,134.94652439525694,134.94652439525694,17810700
2023-09-11,136.80381774902344,137.3242583003249,135.62190348575507,136.4462639816068,17180800
2023-09-12,135.1451873779297,136.70450875989152,135.0061243597757,136.19798050621228,15212900
2023-09-13,136.56546020507812,136.76409784345125,134.0129203289883,134.97632878793235,16394900
2023-09-14,138.0453338623047,138.60152529250038,136.12844358850901,137.4494058127637,19064600
2023-09-15,137.3600311279297,138.41282429084436,136.24763303166813,137.85663282025402,48958800
2023-09-18,138.01553344726562,138.9789266791441,136.69457127592074,136.69457127592074,16233600
2023-09-19,137.8863983154297,138.22905462249415,136.56543627683354,137.31033865652537,15479100
2023-09-20,133.6752166748047,137.89633032608708,133.60570033060074,137.88640374979462,21473500
2023-09-21,130.46719360351562,132.2847575657389,130.1990244536583,131.49019184899007,22058400
2023-09-22,130.35792541503906,132.1059576638238,129.6229495606802,130.78499553434196,17348700
2023-09-25,131.27166748046875,131.32133067237535,129.1462132005402,129.88118903755412,14650000
2023-09-26,128.57015991210938,130.51187411815656,127.3187292512261,130.0242139812398,20378800
2023-09-27,130.56651306152344,130.82474046483253,128.50064836981147,128.5602381432613,18764200
2023-09-28,132.22515869140625,133.26801002061293,129.8017402418512,129.8017402418512,18201400
2023-09-29,130.95387268066406,133.9732043098925,130.42747609778897,133.16871199097326,23237300
2023-10-02,134.2512664794922,134.43997750071378,131.16737497633093,131.25675962162205,19210400
2023-10-03,132.39398193359375,134.32079845496276,131.9122778032515,134.01289275050584,19628700
2023-10-04,135.3438262939453,135.64179033336504,132.52311722986346,132.75156491463088,22848000
2023-10-05,135.06570434570312,135.57223250583104,133.54113384477424,135.20475218309574,15922900
2023-10-06,137.78707885742188,138.23998837759044,134.02284531119523,134.02284531119523,20826700
2023-10-09,138.55186462402344,139.01867140182978,135.77089226722055,137.05213305058865,16599100
2023-10-10,138.25389099121094,139.78343250100227,137.48912023631527,138.561781577511,19554900
2023-10-11,140.73687744140625,141.2533473012403,138.8895190534198,138.89946078375377,20146300
2023-10-12,139.33648681640625,141.41229326892307,138.50219966649095,141.1937873265529,18173100
2023-10-13,137.63812255859375,140.37935835866287,137.0322679067029,139.69404561987548,19438700
2023-10-16,139.53512573242188,139.9472984001884,138.37307978447413,138.78028158651918,17345600
2023-10-17,140.03173828125,140.28996568260703,137.58746642254545,139.07825644802168,17424000
2023-10-18,138.33334350585938,141.02493090489875,137.76225468439802,139.79335345416348,18304900
2023-10-19,138.03536987304688,140.04661534964382,137.65796298059868,138.84980373242794,21831200
2023-10-20,135.8106231689453,138.09497860916554,135.31897723552584,137.64804016021287,24970300
2023-10-23,136.96270751953125,138.0751053464584,134.19167741552045,135.30406008737035,20780700
2023-10-24,139.16761779785156,139.7536191627128,137.80693435867346,138.21415127940227,26535200
2023-10-25,125.80904388427734,129.2157386423228,125.23298422634004,128.8879797771993,58796100
2023-10-26,122.60100555419922,124.60727268606843,121.48861524118378,123.62400363880583,33907400
2023-10-27,122.561279296875,123.59421155863207,120.63446261844938,123.18699459977336,37367700
2023-10-30,124.89530944824219,125.6898750840977,123.03801663151515,123.61407633863341,24165600
2023-10-31,124.44837188720703,125.69980254278161,123.08271740055689,125.41177268720156,21123400
2023-11-01,126.70294189453125,126.87178463321261,124.07592255785823,124.48809525006872,26536600
2023-11-02,127.70606994628906,129.2058013303489,127.2392632274276,128.6794048439865,24091700
2023-11-03,129.48390197753906,129.8414557513251,128.1331449604673,128.21260303853958,19529400
2023-11-06,130.55654907226562,130.66580202332503,129.04687606355694,129.33491345956676,15360400
2023-11-07,131.5001220703125,132.37414589846153,130.24869126143807,131.08297846735437,19223800
2023-11-08,132.35426330566406,132.63235901096158,131.26174879344643,131.46038641793334,15093600
2023-11-09,130.79493713378906,133.04951273258644,130.6161526699025,132.45358472640288,17976500
2023-11-10,133.14883422851562,133.35741359328367,129.98051322303658,130.63603104935913,20872900
2023-11-13,132.731689453125,133.19849622021474,131.86760742493237,132.45359373933704,16409900
2023-11-14,134.50950622558594,136.30721680296887,134.18176249600617,134.7280121486915,22317300
2023-11-15,135.4530792236328,135.90994428285046,134.41021266356032,135.71130664166537,15840900
2023-11-16,137.7572784423828,137.936062895952,135.1550909527121,136.0291146033218,17615100
2023-11-17,136.00926208496094,137.0620551562761,134.55917860130444,136.88328583703222,25565300
2023-11-20,136.9825897216797,137.4841622099929,134.56911311094566,134.57903968756656,19569400
2023-11-21,137.67782592773438,138.02048225208836,136.76905164689023,137.00245501050702,17648100
2023-11-22,139.06832885742188,140.14099022883187,138.05525725857697,138.15458364957178,17306400
2023-11-24,137.2805633544922,138.72766131128793,136.53566086855264,138.59158384910427,8828600
2023-11-27,137.1116943359375,138.68095709088703,136.6051510433126,136.63496107971136,17886400
2023-11-28,137.67782592773438,137.71756254349978,136.10856301672683,136.69456443617818,17046900
2023-11-29,135.472900390625,138.72067885765495,135.36861830576555,138.04033714082453,21014700
2023-11-30,133.009765625,136.02911172406394,131.88744120241162,135.4729052231266,29913500
2023-12-01,132.4138641357422,132.59263344572554,131.2537883158629,132.4138641357422,24268000
2023-12-04,129.7421417236328,130.5565604849325,128.5204908490656,130.40163011784776,24117100
2023-12-05,131.49020385742188,132.63238176044064,128.8482790488657,129.48392864929977,19235100
2023-12-06,130.53671264648438,132.40393984604052,130.41753309079553,131.9967228239959,16360600
2023-12-07,137.50900268554688,139.04847093043568,135.30409000552925,135.67158555558592,38419400
2023-12-08,135.71127319335938,137.0521034622798,134.6485537396497,134.73793838289058,23016100
2023-12-11,133.78448486328125,133.87386952532327,131.98678926961836,132.91047624262595,24502900
2023-12-12,132.731689453125,133.62556636814634,131.92719719858985,132.36420907885085,26584000
2023-12-13,133.05943298339844,133.86392514494486,132.04636148308018,133.63052178837836,25414500
2023-12-14,132.29466247558594,134.11719700571678,130.1692082455719,133.853998765379,29619100
2023-12-15,132.93032836914062,133.91360510923639,131.72856084188126,132.0165831357041,58594000
2023-12-18,136.25755310058594,137.43946736521315,132.8607998837617,132.950184536949,25699800
2023-12-19,137.16136169433594,137.82680598922155,136.51577055088399,137.06203531685796,20661000
2023-12-20,138.7107696533203,142.10553763734032,138.46246884060355,139.37621401279182,33507300
2023-12-21,140.8362274169922,141.06465992680535,139.51825079333318,139.81322925621407,18101500
2023-12-22,141.75,142.27639662501932,141.0895112077045,141.16401359178334,18513500
2023-12-26,141.84930419921875,142.96665792446996,141.53147186515343,142.0082052111716,11170100
2023-12-27,140.4786834716797,142.34591060897586,140.09231985374717,141.85923551433922,17288400
2023-12-28,140.3197479248047,141.303024555929,139.87082419725482,140.88588102744305,12192500
2023-12-29,139.97213745117188,140.47370998040037,138.9491392378536,139.7238366196853,14881000
2024-01-02,138.61143493652344,139.65927218386082,136.80381300921306,138.6511715510144,20071900
2024-01-03,139.40602111816406,140.13105531143106,137.489130795316,137.6579886992348,18974300
2024-01-04,137.10177612304688,139.67913988502855,137.07198123661422,138.89948681660132,18253300
2024-01-05,136.45619201660156,137.8665387934094,135.91986893728313,137.41165910690393,15439500
2024-01-08,139.57484436035156,139.6840973184582,136.9428619447068,137.06204147897657,17645300
2024-01-09,141.59104919433594,141.8294234239338,138.83987202032304,139.10804113423583,19579700
2024-01-10,142.82261657714844,143.54267977075668,141.49172798799833,141.5513177524263,16641900
2024-01-11,142.69351196289062,145.6631951956154,141.2483993866276,143.9101920305069,17471100
2024-01-12,143.25965881347656,143.75626049594206,142.38563500271147,143.35897005692127,13998700
2024-01-16,143.10073852539062,144.8487709416046,142.08369624783842,142.45514726369032,19198900
2024-01-17,141.91880798339844,142.43527790298106,139.55497946211506,141.93867629128815,17884500
2024-01-18,144.00453186035156,144.59548895392675,142.37567928148383,142.4650639288118,18876800
2024-01-19,146.96429443359375,147.03381078438758,144.80904507770865,145.31060244189487,27181000
2024-01-22,146.70603942871094,148.99536534439588,146.57691817356968,147.69924254806966,21829200
2024-01-23,147.66946411132812,147.84824859171044,146.1896008460597,146.71599739955627,14113600
2024-01-24,149.328125,150.53983426098853,148.82158160830878,149.26852007062226,19245000
2024-01-25,152.59576416015625,153.70814707763748,150.19221383912398,150.70868383156053,21495100
2024-01-26,152.74473571777344,153.06256806252554,151.76147410574225,151.83099045923157,19494500
2024-01-29,153.78759765625,154.14515145585057,151.8806491100736,152.59575670927472,20909300
2024-01-30,152.009765625,153.98623046062033,151.73662562889228,152.96323229065618,26578900
2024-01-31,140.8362274169922,144.60046116076612,140.5879265982581,144.4018235367947,43908600
2024-02-01,141.7400360107422,143.6370426138567,141.29308244456536,142.7133709079247,25526900
2024-02-02,142.56439208984375,142.90209272277824,137.23089532785647,139.9324094608562,42136100
2024-02-05,143.94496154785156,145.67314092040462,142.9319049910857,143.06101112768457,29254400
2024-02-06,144.4216766357422,145.74263867089806,143.53772642034644,144.9679414104424,21517700
2024-02-07,145.68304443359375,146.00087674584566,144.22304960880777,145.12685304223172,21436100
2024-02-08,146.21939086914062,146.60673954948905,145.4248251990445,145.97109004442805,18241300
2024-02-09,149.19898986816406,149.67076746269106,146.42794437992504,146.9444143010264,21877700
2024-02-12,147.7191162109375,149.56647487567028,147.5502734758104,148.5236084245168,17236100
2024-02-13,145.37515258789062,147.03380017093897,144.12372196821664,145.07720374159587,18138500
2024-02-14,146.1399383544922,146.82525108162173,144.56570439760185,146.36837087850864,16651800
2024-02-15,142.96168518066406,143.77610400462038,140.91568881099957,143.4781551391971,26724300
2024-02-16,140.79649353027344,143.49800770290975,140.55813443891583,143.22985372513244,21865100
2024-02-20,141.23348999023438,142.35481420467525,139.84301159214073,139.9820594319501,18625600
2024-02-21,142.8623504638672,143.00139831132194,140.94547548430683,141.67050960638667,16440800
2024-02-22,144.3323211669922,145.20632982813135,143.0312120205446,145.12687173983127,23024700
2024-02-23,144.30250549316406,144.96299419604122,143.80590382697437,143.98468830744434,14519400
2024-02-26,137.8069305419922,142.862330699071,137.79700396678973,142.474982095102,33513000
2024-02-27,139.1477813720703,139.53513003332552,137.5586501102096,138.46246870483137,22364000
2024-02-28,136.49591064453125,138.33334265540995,135.71128677244712,138.1545733510408,30628700
2024-02-29,138.8299560546875,138.99879879706955,136.6349852486413,137.40968261019637,35485000
2024-03-01,137.14151000976562,139.04845847886628,137.03722790932866,138.66110980787832,28551500
2024-03-04,133.28787231445312,135.70136407802622,131.95698360470536,135.6119642682059,43571500
2024-03-05,132.87071228027344,133.10908648507888,130.6558735644434,131.83778770293705,28447600
2024-03-06,131.65902709960938,133.82421817550758,131.0531724800545,133.32761652521933,23175200
2024-03-07,134.32080078125,134.89686043251785,131.75833481046982,132.9799704535482,24107300
2024-03-08,135.36366271972656,138.04035272217487,133.88379959347205,134.11720296074475,26495200
2024-03-11,137.9956512451172,139.02857587653116,136.13836616172082,136.13836616172082,22536400
2024-03-12,138.6710205078125,139.32653823137912,137.2706155684734,137.31033702668464,19019700
2024-03-13,139.81320190429688,141.22354846018828,139.05835786376605,139.10802104881301,19637000
2024-03-14,143.3589324951172,143.74628109974697,140.5233418746214,141.3328048297638,36117900
2024-03-15,141.20370483398438,143.35895407703438,140.1707801178293,142.43528232504678,41039500
2024-03-18,147.47080993652344,151.89056123673592,147.13312447877203,148.35476019656593,47676700
2024-03-19,146.9146270751953,148.60306961691788,146.01080845492217,147.96742012514895,17748400
2024-03-20,148.6626434326172,148.74210150494488,146.66133964828907,147.77869321620352,17730000
2024-03-21,147.72906494140625,150.2766186867377,147.00401561759026,149.29832798085226,19843900
2024-03-22,150.73846435546875,151.52308826961857,149.06987498317417,149.21886456654786,19252900
2024-03-25,150.12266540527344,150.4265853577574,147.7886468572479,149.92402778598515,15114700
2024-03-26,150.66893005371094,152.15873492930152,150.00348569455662,150.212065045374,19312700
2024-03-27,150.90728759765625,151.65218995305727,149.10959233810078,151.11089606007513,16622000
2024-03-28,151.22512817382812,151.6323451618167,150.3014563843258,150.96690077307125,21105600
2024-04-01,155.4363250732422,155.9329267507925,150.61928273897215,150.79806722353212,24469800
2024-04-02,154.81057739257812,154.9297720816141,152.41696920681449,153.69819466209617,17598100
2024-04-03,155.30718994140625,155.4859744100271,153.0844096389436,153.86704823591893,17266200
2024-04-04,150.90728759765625,155.118459214274,150.84769783403652,154.02594485273215,24184800
2024-04-05,152.89370727539062,153.78758411816315,150.0541305184715,150.64905828185488,16297300
2024-04-08,155.07875061035156,155.59024966391866,152.94336974324503,152.96819376178502,16641500
2024-04-09,157.06517028808594,158.8032760745094,155.5753653282944,156.28054634416415,21521500
2024-04-10,156.5884246826172,157.08502629699433,155.13834130040138,156.8069306053494,16339200
2024-04-11,159.69715881347656,160.02491773519563,156.85659664699165,157.26381365474083,17841700
2024-04-12,158.10801696777344,160.60095149877142,157.5220307276107,158.32155201468527,16989800
2024-04-15,155.2674560546875,159.7368703965435,155.08867160037272,159.1906056126344,21140900
2024-04-16,154.93971252441406,156.16134832204972,153.9961724342877,154.58215873546226,15413200
2024-04-17,155.813720703125,157.6024745493931,155.0737740239414,156.12161126603937,16237800
2024-04-18,156.3897705078125,157.4077976474556,155.14826660333216,155.85840319947644,14016100
2024-04-19,154.66162109375,156.91619685740514,152.86392552225382,156.6778226064857,21479900
2024-04-22,156.87644958496094,158.10305619927254,154.60202082115646,154.94963286401034,17243900
2024-04-23,158.8330535888672,159.38924495487626,156.89133951837178,157.51209151705658,16115400
2024-04-24,160.00506591796875,160.29308822154107,157.74056348995597,158.00871748308455,19485700
2024-04-25,156.87644958496094,157.20420847456293,151.72967873273606,152.3176503256472,36197800
2024-04-26,172.50946044921875,175.22090085089246,170.23501671062854,174.79383076364803,56500800
2024-04-29,166.75881958007812,170.21517780105322,165.92453248746162,169.60932321246955,35914600
2024-04-30,163.52096557617188,168.71541379347556,163.3819177417437,166.24234765578316,29420800
2024-05-01,164.44467163085938,167.6626405057152,163.77921210776898,165.05051107278743,25223200
2024-05-02,167.31504821777344,167.38456457379567,164.56387060920642,165.53720567908394,17041100
2024-05-03,167.84141540527344,168.69557076948902,163.8586608459886,168.38766504505602,22767100
2024-05-06,168.67572021484375,168.74523656600897,166.74890336567313,168.06986558861053,15147900
2024-05-07,171.80430603027344,172.29098111284586,168.84456438043873,168.96374392919932,21102400
2024-05-08,169.9966583251953,170.74056046805404,169.3629942173599,169.58944138801132,14569900
2024-05-09,170.41380310058594,171.26795843987273,168.77500876383218,169.98671785340363,11937700
2024-05-10,169.13258361816406,170.17545011621107,166.7687700650145,168.53667073005127,18740500
2024-05-13,169.7384490966797,169.78811229596928,164.63338440437045,164.71979867423596,19648600
2024-05-14,170.76141357421875,171.6056423299121,169.26168224483487,170.42372813397247,18729500
2024-05-15,172.69818115234375,172.8630532509762,170.86074912895955,171.1289182424168,20958200
2024-05-16,174.23764038085938,175.14145898339967,172.8670301894522,173.4132950126952,17247300
2024-05-17,176.08499145507812,176.28859993291974,173.79069445146914,174.35682755889388,16546400
2024-05-20,177.24705505371094,178.72691816682396,176.02044845873684,176.10486224642364,17495100
2024-05-21,178.3197021484375,178.59781299691733,176.10486317775027,177.18745106671037,14706000
2024-05-22,176.79019165039062,177.63640585320144,175.57848238285234,177.18746691791006,16189400
2024-05-23,173.8701629638672,178.6872049115101,173.35369301724543,177.5648803607011,14928400
2024-05-24,175.13153076171875,176.098909756579,174.0092062404227,175.32024180389195,11403600
2024-05-28,176.81004333496094,177.29670321864995,174.48593625775842,174.54554118185376,15655300
2024-05-29,176.19424438476562,177.01860487232003,175.0619933251889,175.60825812478257,15023800
2024-05-30,172.38035583496094,175.48908689657685,172.0525969396879,175.48908689657685,18826300
2024-05-31,172.7776336669922,173.234498647724,169.80795067192355,172.22142715011307,28085200
2024-06-03,173.23451232910156,174.66472746101607,171.2779006771184,172.6981892321732,20742800
2024-06-04,173.93971252441406,173.99930230231047,172.04269043428056,173.26432634639946,14066600
2024-06-05,175.8665008544922,176.7603776874857,174.0985851861043,175.33513349634194,15233900
2024-06-06,177.13780212402344,177.4953558930094,176.00555104808095,176.22404181599816,14255800
2024-06-07,174.7541046142578,178.20052102148705,174.59518846085118,177.2470544112042,14716300
2024-06-10,175.62911987304688,177.45868975619194,173.39186963927978,175.45013196473693,17099800
2024-06-11,177.18028259277344,177.37914625134988,174.4458655634547,176.71294465034026,14402400
2024-06-12,178.54249572753906,181.0482200434598,176.77258356019271,178.7314214935462,18600400
2024-06-13,175.73851013183594,177.49846952158737,175.658961630306,176.83226789014032,15956900
2024-06-14,177.3592529296875,177.7172135792028,174.8555311299011,174.8555311299011,12361600
2024-06-17,177.7669219970703,178.9004614531619,175.4899052130377,175.97711886315633,15272900
2024-06-18,175.4501190185547,177.89618576947134,174.6248205058725,177.7768554486285,15640300
2024-06-20,176.70301818847656,177.72718050998978,175.46010127670561,175.7086846590598,16753200
2024-06-21,179.238525390625,181.4777630171803,177.05099504066789,177.4785662735946,58903200
2024-06-24,179.76553344726562,181.04823206356787,179.20870915616425,180.25276228814133,18198300
2024-06-25,184.52842712402344,184.69746201151094,180.078778296,180.11856013560077,18797000
2024-06-26,184.319580078125,184.87640436233303,182.94741028413344,183.15621180454954,13375700
2024-06-27,185.80116271972656,186.43753556757085,184.39914881090033,184.59305113060682,13025700
2024-06-28,182.3806610107422,185.52275872334292,182.28619810810545,184.66763124895982,23032400
2024-07-01,183.44456481933594,184.28973906167212,181.69452841671455,183.43461177557018,11815900
2024-07-02,185.5525665283203,185.89063626145088,182.0226797308145,182.43036008846724,12555500
2024-07-03,186.32815551757812,186.55684797624113,184.33451197824832,185.24433563486514,7409100
2024-07-05,190.8722686767578,191.1705565941188,186.25856176289477,186.25856176289477,14303400
2024-07-08,189.400634765625,190.59284569184211,188.2472194735337,190.28062959522862,12097600
2024-07-09,189.36087036132812,191.76715556228163,189.15205365470237,190.66344479257373,10198500
2024-07-10,191.56829833984375,192.2146090546467,189.5398494759331,189.66911768782384,12052900
2024-07-11,186.2386474609375,191.31969170381163,185.7613716807593,190.25574769105722,16452000
2024-07-12,185.72158813476562,187.62076853838755,185.0852153762925,185.8607942015465,14449100
2024-07-15,187.12362670898438,188.82392852398232,185.43326276710425,185.43326276710425,12186000
2024-07-16,184.4488525390625,189.26142273214708,184.07100097790882,187.88925290644931,12760100
2024-07-17,181.58517456054688,184.18038554020822,180.59084108439043,183.6334990938572,17376600
2024-07-18,178.20445251464844,183.00708517888938,177.20018113362187,182.49996537952947,17877200
2024-07-19,178.3734893798828,180.93887167977408,177.84649382855935,179.34793198032472,14485900
2024-07-22,182.31105041503906,183.25566419065754,180.8692547249465,181.31671693074068,16303900
2024-07-23,182.55963134765625,184.17044671555993,182.29115706223075,182.79826167041253,23772600
2024-07-24,173.38192749023438,176.9416432398946,172.58647282832214,174.39615190819515,31250700
2024-07-25,168.2014617919922,174.20722957366385,168.09208449795938,173.26261576464879,28967900
2024-07-26,167.7241668701172,168.87759736716222,164.92513082283665,167.81366841574962,25150100
2024-07-29,170.16029357910156,171.1844558514704,168.75827972854137,169.53385863048427,13768900
2024-07-30,170.88613891601562,171.96995868183205,169.15599333610484,170.8563101277692,13681400
2024-07-31,172.16883850097656,174.91320865604047,170.74694888658044,173.92881303446427,15650200
2024-08-01,171.47279357910156,174.68448624625722,169.5437843354653,171.00545566245466,17177800
2024-08-02,167.44573974609375,169.24549595833494,165.4471350591505,167.23693822702998,18907800
2024-08-05,159.72972106933594,164.9996912656783,155.7126207010103,156.47824651554944,34907800
2024-08-06,159.6302947998047,161.43005119518008,157.23396257497106,160.0330138293395,36146500
2024-08-07,159.83909606933594,163.8561963802638,159.3319914909659,162.3149917286518,19334200
2024-08-08,162.91160583496094,164.56220317584732,161.11186452991507,161.42408065346282,15733600
2024-08-09,164.4528045654297,164.58207276583246,160.01807081379508,160.72903074368634,13549200
2024-08-12,163.02096557617188,165.7553825550023,162.62323826636265,165.05437565429597,12435000
2024-08-13,164.98974609375,165.59629011991402,163.8363307946276,164.24897251060386,12717600
2024-08-14,161.1118621826172,164.02526734280278,158.62602833400268,163.27951718821842,22515900
2024-08-15,162.24539184570312,162.59341463206414,160.5749188847497,161.2908402029654,18392500
2024-08-16,163.80650329589844,166.0039717947397,162.15590607432796,162.48403794408534,16853100
2024-08-19,167.44573974609375,167.51535036733083,165.14883200244998,166.05367904458956,13100800
2024-08-20,168.00259399414062,169.44437452745237,167.7042909111701,167.78383941145057,12622500
2024-08-21,166.68011474609375,167.68438603040246,165.62612375670912,166.04374196916396,15269600
2024-08-22,164.55224609375,168.45996922183042,164.09484603651103,168.08211766029928,19123800
2024-08-23,166.4812469482422,166.99830460508238,164.72128761615647,165.60624380473357,14281600
2024-08-26,166.97840881347656,168.4202044524346,165.37754652596405,167.20213990843885,11990300
2024-08-27,165.4372100830078,167.29163232217275,165.21845550253033,166.66023602125927,13718200
2024-08-28,163.56785583496094,166.44147895671864,162.35476778762694,165.83493493305164,15208700
2024-08-29,162.4740753173828,166.6801166225093,161.06411125124927,165.11900586502935,17133800
2024-08-30,164.1743927001953,164.3434275620666,162.48402890915824,163.2894365572667,18498800
2024-09-03,157.71124267578125,162.45421788846468,156.96051600131915,162.38958378108373,26533100
2024-09-04,156.915771484375,159.49109167821072,156.5478729344915,157.17926926216398,17410700
2024-09-05,157.70130920410156,160.1026180835835,156.6274271350871,156.8859483995008,14139500
2024-09-06,151.2679443359375,158.31776446976443,151.07404204106973,157.79076898385384,24999100
2024-09-09,148.88836669921875,153.96614931925384,147.55420944972815,152.9605559044524,28057700
2024-09-10,149.35630798339844,151.63633754172483,148.89134773184537,150.79003544164266,20401800
2024-09-11,151.4869842529297,151.81554806620483,148.0520210302128,150.43160574548077,18991500
2024-09-12,154.86221313476562,154.93191539548397,152.83110931126586,154.1353984322752,20980800
2024-09-13,157.67987060546875,158.58092569682015,155.42972441367735,155.6806251864588,16733900
2024-09-16,158.2971954345703,158.5461060421012,156.92320401946452,157.64006778453728,14157600
2024-09-17,159.58155822753906,160.88584730457183,158.7153542251151,159.3923837460219,12064800
2024-09-18,160.1092529296875,160.92568699517338,158.9642702393375,160.14908713362692,16756500
2024-09-19,162.52865600585938,164.27103004677525,161.81378251870032,164.10177267730464,17548200
2024-09-20,163.92254638671875,164.03206764655698,162.4689019554381,163.80307417318457,46362700
2024-09-23,162.3594207763672,165.8839883465766,162.23993335222076,164.61951818775515,15648400
2024-09-24,162.9269256591797,163.8329639111907,161.32394074881324,163.5342681455247,18774100
2024-09-25,162.27976989746094,163.50141298569918,162.06569522258198,162.25985279443302,13607900
2024-09-26,163.11610412597656,164.7788251915405,162.787540294966,164.31087202546163,18234500
2024-09-27,164.56971740722656,166.24240445583408,163.1160880833797,163.19574129448452,13604300
2024-09-30,166.46145629882812,166.63071368478148,163.92256512493256,164.06195445408815,14070100
2024-10-01,167.6860809326172,169.6972827114958,165.1770579841753,168.1241659926003,18629500
2024-10-02,166.5809326171875,168.14409852538486,165.5255540716188,167.02896867245562,12745000
2024-10-03,166.4813690185547,167.17831564598703,164.64937549349344,165.09742671826152,11004300
2024-10-04,167.8254852294922,168.8111767024193,166.23246646010332,168.60208510793254,11422100
2024-10-07,163.6736602783203,169.15964465933897,163.41479871287174,168.4029618733599,14034700
2024-10-08,164.97793579101562,165.37620184985647,163.59399352017417,164.70910810033513,11723900
2024-10-09,162.3494415283203,165.5354940563339,160.41789291037858,164.13661774956313,19666400
2024-10-10,162.46893310546875,163.5950166646552,160.9356503660541,161.4036035485109,12900500
2024-10-11,163.80308532714844,164.54981709717626,161.7918835060304,162.6182684879368,10946000
2024-10-14,165.6251220703125,166.88957700087903,164.0619561840233,164.1913945597103,9981800
2024-10-15,166.17269897460938,168.35315811036688,165.3264121085983,166.411658603287,14829300
2024-10-16,166.013427734375,166.55106797325655,164.4960665730318,165.30651490961594,9968500
2024-10-17,163.79312133789062,167.19821643099237,163.65373201334134,166.65062527959674,15113400
2024-10-18,164.33078002929688,165.64502008827174,164.03208427288982,164.15155649853372,13091300
2024-10-21,165.0775146484375,165.4956826376428,163.58901891443685,163.8628296926184,11384000
2024-10-22,166.09307861328125,166.74024012033664,163.95243825860203,163.98230631632472,11958600
2024-10-23,163.7632598876953,166.86967454799074,162.91995064208177,165.704759555194,12754300
2024-10-24,163.81304931640625,164.33078763866595,162.06072409253227,163.87278543199432,12764400
2024-10-25,166.26231384277344,166.67051564133874,164.50997366436278,164.64439509849527,14566400
2024-10-28,167.60643005371094,169.86256206708674,165.06753901516458,169.84662534790536,20858300
2024-10-29,170.3942413330078,171.11110508314272,167.9250524115973,168.6468840430168,28916100
2024-10-30,175.3724365234375,182.98909414615085,174.97915355569205,181.61511808403742,49698300
2024-10-31,171.9375,177.64252708017523,171.80806161779742,173.95865299195611,32801900
2024-11-01,171.8976593017578,173.06257431299005,169.567859663889,170.79249559779987,21752900
2024-11-04,169.9362335205078,171.1708355365351,168.74644878064223,170.49380601285034,16194000
2024-11-05,170.6630859375,171.34708881586286,169.62760922152248,170.0856114598008,12518300
2024-11-06,177.5529022216797,177.86154891962624,174.27723038022245,174.5858922704656,27061500
2024-11-07,181.48568725585938,181.78438300082175,178.11046028006697,178.32950281355292,16730400
2024-11-08,179.07626342773438,181.5554187603108,178.78753378287968,181.20693780300078,15021500
2024-11-11,181.1770477294922,181.29155207407845,179.2056800423675,179.28533325699743,12503400
2024-11-12,182.52114868164062,183.22306311451254,180.20130036370833,180.58960024228008,14065800
2024-11-13,179.70350646972656,181.8192466194637,179.33510844230398,181.3562613464338,13969700
2024-11-14,176.57717895507812,179.6586932804585,175.26292374510342,178.96671454665437,17925800
2024-11-15,173.1322479248047,175.11358167386166,171.99223317829555,174.87462204023322,21708900
2024-11-18,176.02955627441406,176.13907753174365,173.6599228116263,174.19259507192447,18662800
2024-11-19,178.79745483398438,179.38488017366925,174.35290289168816,174.4713876127403,15392900
2024-11-20,176.55726623535156,178.32950846808063,174.56598146219105,178.05072981522193,15729800
2024-11-21,168.5025177001953,174.8148865873952,164.58963534340768,174.69043129296793,38839400
2024-11-22,165.84414672851562,167.53175254254214,164.98789373494913,166.43157204476697,24497000
2024-11-25,168.69168090820312,169.7172065350398,166.6705280950971,167.257968644597,21395700
2024-11-26,169.87649536132812,170.74768243022393,168.6916785168623,168.75142982025878,14937500
2024-11-27,170.0756378173828,170.39423547744005,168.93063997056893,169.9362333002551,12433400
2024-11-29,169.7470703125,170.12540407605727,168.01464714823365,169.3189362005132,9250700
2024-12-02,172.22621154785156,172.84352014313558,169.52802925415844,169.57781441072444,16593400
2024-12-03,172.2660369873047,173.56037503069683,171.7582496853769,172.36559210307576,15721500
2024-12-04,175.32266235351562,175.66117711522332,171.99722046364053,172.02708851953844,18239800
2024-12-05,173.5504150390625,176.9356081335433,173.2517192965647,176.54730822598512,16145500
2024-12-06,175.72093200683594,176.06841023086653,172.7937409307028,173.1223047445848,13319500
2024-12-09,176.5283203125,177.4652731794903,174.83379581179184,175.14778141291757,19887800
2024-12-10,185.92787170410156,187.4230296378457,182.08033134621863,183.9393165192724,34317400
2024-12-11,196.07501220703125,196.25442385309114,185.65873341528825,186.0973154961447,41664500
2024-12-12,193.0049591064453,196.07002983557697,192.65608283731066,195.66633840932482,25197800
2024-12-13,190.76220703125,193.71264327515175,190.64258406331268,192.08791545519404,18883200
2024-12-16,197.5203399658203,199.99233022704658,193.48341038940663,193.73759211233372,32248600
2024-12-17,196.4836883544922,202.2251047087036,196.0550837025253,197.88914050032798,24129500
2024-12-18,189.5361785888672,198.04861948645635,188.6689918668289,196.19462306691972,27638400
2024-12-19,189.08761596679688,193.97180713333088,188.90820433526034,192.6560609972709,26981200
2024-12-20,192.33712768554688,193.50832259279161,185.76838878723544,186.40632224516705,45319700
2024-12-23,195.3573455810547,195.85573157040523,191.01141914553668,193.4036658106059,15235900
2024-12-24,196.93222045898438,197.03188851763488,194.56786839834976,195.5367307520955,6809800
2024-12-26,196.4637451171875,197.52032088445068,195.23770474465502,196.1049066292932,7907900
2024-12-27,193.4136199951172,196.1647202757909,191.3523024429326,195.83578371138285,14693000
2024-12-30,192.0679931640625,193.15447096011988,189.74551265085918,190.24888736231753,12209500
2024-12-31,189.8252410888672,192.62616766511687,188.96801665543026,191.82377359456456,14355200
2025-01-02,190.01463317871094,192.57632906643343,188.1008329456353,190.8668688990928,17545200
2025-01-03,192.50657653808594,193.87214927777333,190.73232363806486,192.10288510468152,12875000
2025-01-06,197.32098388671875,198.9158098969417,194.43033607710257,194.5200419032114,19483300
2025-01-07,196.07501220703125,201.48747646329343,195.30749356553247,197.62997397768044,16966800
2025-01-08,194.75927734375,197.00201430773126,193.124571898385,193.32392325327666,14335300
2025-01-10,192.5464324951172,196.98206455558247,190.98150846908007,194.78916934463103,20753800
2025-01-13,191.6692657470703,191.86863229863644,188.05099402103852,190.73231291855885,13169100
2025-01-14,190.43328857421875,192.6461235720949,189.02783644133166,191.87860489385017,13651200
2025-01-15,196.34413146972656,197.16149175688608,192.7059199913067,193.72263162353136,12894900
2025-01-16,193.78244018554688,196.3441362110355,193.6727946616834,195.19286581523593,13449600
2025-01-17,196.9123077392578,198.16823495893416,194.67953302807754,197.4106937293802,22109100
2025-01-21,198.98558044433594,203.18198165088893,198.79619134868744,199.8627293790569,19005200
2025-01-22,199.38429260253906,201.4675423346555,198.55697005615318,199.90261827692612,15477400
2025-01-23,198.9357452392578,201.28812762165109,196.18466016542135,199.33444793070097,15170800
2025-01-24,201.2482452392578,201.91609581228664,199.1390785263405,199.20487496402947,12732400
2025-01-27,193.14450073242188,198.0286770954344,192.077947468968,193.56314311700586,24970200
2025-01-28,196.43386840820312,196.5933403714479,191.98825852658302,194.0216667461431,15939200
2025-01-29,196.54347229003906,197.81935429110533,194.55990597999036,196.73286138104575,12287800
2025-01-30,201.9759063720703,202.58194542496827,198.82809578870138,199.11516051500755,14571500
2025-01-31,204.93630981445312,206.411527975635,202.92282630706868,203.0573850388532,17060300
2025-02-03,201.98585510253906,204.55752840288116,201.00902290938853,201.56222400754768,16719500
2025-02-04,207.0395050048828,208.02629948497267,203.6006296665919,203.83986040606993,28285400
2025-02-05,192.67601013183594,193.92197499920485,189.29695401991273,192.47665879496333,43666400
2025-02-06,192.6859588623047,193.20428446944905,189.8750702276043,190.37345613960014,20816600
2025-02-07,186.53590393066406,192.39193919392628,184.50249582506203,192.11783298882085,29565700
2025-02-10,187.59246826171875,189.3766984774281,187.00437649187288,188.4496927028371,16606000
2025-02-11,186.46612548828125,188.19053660602074,185.47931583791075,186.2318834848387,13028100
2025-02-12,184.83140563964844,186.22689542176803,183.03722839190226,184.6320543020691,17632300
2025-02-13,187.27352905273438,187.38317458159915,184.28321303955016,185.32981147653763,12729300
2025-02-14,186.2667694091797,187.5426362882782,185.50922820269398,186.2269052233785,12714200
2025-02-18,185.20021057128906,187.17381455216918,182.98737587382027,186.83491577748364,19796000
2025-02-19,186.52593994140625,186.7551932313241,184.90119679523852,185.58398314772262,13120500
2025-02-20,186.03750610351562,186.5159523550358,184.00409812740568,185.89795864642505,12063800
2025-02-21,180.99383544921875,186.8648210730536,180.5452911558963,186.68539423000573,19520800
2025-02-24,180.6051025390625,184.49250685544612,180.2961056843669,183.20667779988295,18734000
2025-02-25,176.7974395751953,180.17649594747144,176.19938551849802,179.57345316387003,20832500
2025-02-26,174.13604736328125,177.50514124217776,173.0296299492345,176.37381061451893,23637200
2025-02-27,169.6605682373047,176.01996323327316,169.20403887557038,175.372067519282,25930500
2025-02-28,171.6640625,171.94315742282225,167.84642419410588,169.75026222513335,30049800
2025-03-03,168.1155548095703,174.43508509945715,167.0988431977501,173.16918050892346,24122000
2025-03-04,172.05279541015625,174.59954027178784,166.99915466050498,167.3978725396029,30711400
2025-03-05,174.4251251220703,175.18266631177056,170.37821831917367,171.76374589997425,18848000
2025-03-06,173.64764404296875,176.15949834739462,171.95112715118205,171.99299899435542,19082400
2025-03-07,175.1826629638672,176.32894457512367,171.6939612832212,172.68276339705244,16395300
2025-03-10,167.4588623046875,170.09333760834892,165.21856474391475,169.80395112078375,28990700
2025-03-11,165.6326904296875,168.30209616396394,162.8984334954026,166.3312226673931,23705900
2025-03-12,168.6463623046875,169.17525204524574,165.13372374937688,168.11747256412926,19880100
2025-03-13,164.3852996826172,167.76820552881753,163.72669229913674,167.62849908664165,15206200
2025-03-14,167.26925659179688,167.89794321312493,164.16576354056602,164.9690870263586,18611100
2025-03-17,166.22145080566406,168.1074952719868,165.4630314005261,166.97486057411132,17839100
2025-03-18,162.32960510253906,166.091720499798,158.46770809514283,165.61272918130422,24616800
2025-03-19,165.9320526123047,167.78117198389484,162.70881575318666,163.571995968084,24955700
2025-03-20,164.7046356201172,166.6804882029944,162.79862864414542,163.48219284410166,19981500
2025-03-21,165.90213012695312,166.12167100602187,162.68886659897697,163.0381403320938,29882100
2025-03-24,169.5744171142578,170.14323170803982,167.0896371412489,168.91081531503914,18742800
2025-03-25,172.42843627929688,172.54819553776656,170.19313314600385,170.82180453881222,13841600
2025-03-26,166.79025268554688,171.58021155127406,166.5118295600408,170.94155138430105,22498000
2025-03-27,163.73666381835938,167.08963361496558,163.50714935773365,166.36116540619523,21571200
2025-03-28,155.7334442138672,163.46722744812823,155.01395983965068,162.02026459805788,34866500
2025-03-31,155.90309143066406,156.80121735692813,151.89151406467764,154.4860645445433,33591600
2025-04-01,158.54754638671875,159.74503232559243,154.93013174681002,154.97503575649606,20111400
2025-04-02,158.527587890625,159.93962031962053,156.20246156153843,156.63156970946335,17113300
2025-04-03,152.3106231689453,154.3633104450107,151.86155262256625,152.5151960290634,28416100
2025-04-04,147.4308624267578,152.7696585204793,147.23126874135036,149.58633109667096,39832200
2025-04-07,148.92771911621094,154.60579993715052,142.3614860124179,143.08995421575065,47823000
2025-04-08,146.27328491210938,154.11683856421288,144.90615649348965,153.25364308480528,35304400
2025-04-09,160.72299194335938,161.5312946445726,145.50490139145467,146.02381759510635,46479500
2025-04-10,155.04489135742188,159.69514420046266,151.88152624733968,158.42779734691703,35270500
2025-04-11,159.0664520263672,159.52549618373823,155.2594476417932,155.2594476417932,22582000
2025-04-14,161.13214111328125,163.68678212859385,159.5853812905667,161.97037984139416,18255900
2025-04-15,158.34796142578125,161.71092019595181,157.3151386924203,161.2319288394032,15690800
2025-04-16,155.17462158203125,157.84900646503428,153.58795225695732,155.1446855741514,16921500
2025-04-17,153.0391082763672,156.74135212697948,150.58424891052354,156.28230793676562,19513400
2025-04-21,149.54641723632812,150.7439031803643,148.08946559939653,150.64910075055403,16147800
2025-04-22,153.5779571533203,154.28647817349793,150.55429866627406,150.75389234645476,15910300
2025-04-23,157.38998413085938,159.68517460141064,156.0228556241092,157.57958900662848,18575700
2025-04-24,161.13214111328125,161.3716444185399,157.75920855848113,158.19329592743742,30787500
2025-04-25,163.50714111328125,167.88795419202464,162.65891369346122,166.75034031269075,35148100
2025-04-28,162.08013916015625,164.60484399235878,160.04441449921725,163.91628536051073,20871200
2025-04-29,161.72088623046875,162.3395840048771,159.05647504559602,161.70591822711566,15955200
2025-04-30,160.55332946777344,161.0363102187278,156.82614452258727,159.5254860095647,20639500
2025-05-01,162.44935607910156,163.59695884625,160.59324751027046,162.17993201602457,21904300
2025-05-02,165.46304321289062,166.3511802953172,163.31754813877285,164.60983654805946,16844900
2025-05-05,165.70254516601562,166.75035109742606,164.12584947218224,164.1707534829321,15309300
2025-05-06,164.8543243408203,166.39111049603875,162.7886636287067,163.61692872306404,10691900
2025-05-07,152.4802703857422,166.64058037151528,149.1771989680043,165.7225072906682,78729800
2025-05-08,155.42410278320312,157.08063299058793,153.7775613966295,155.59374524152167,38387500
2025-05-09,154.0569610595703,156.10265920444155,153.5081089022484,155.22451097958617,22871000
2025-05-12,159.24607849121094,160.10427953850458,157.55961240306388,158.767087161307,31884900
2025-05-13,160.55332946777344,161.72087936029618,157.25025823538817,159.5853580204337,24944300
2025-05-14,166.4609375,167.98773466385796,160.59323688479117,160.9724465842897,31769200
2025-05-15,165.05389404296875,167.15947947237044,163.49716078272107,166.79025857078503,22717600
2025-05-16,167.07965087890625,170.2929143521152,166.60065952676607,168.5765121778473,36271400
2025-05-19,167.5187225341797,167.59855695920197,165.06885786199535,165.36823314911408,21374700
2025-05-20,164.97409057617188,169.32495306366755,163.9162957370762,167.4089723124178,33563300
2025-05-21,169.7041473388672,174.1647950905629,164.54496738120505,164.60483939502217,45567600
2025-05-22,171.62013244628906,177.75727288119202,171.52035082957954,172.98727611426764,45024100
2025-05-23,169.23513793945312,170.84676411617667,168.90582662036127,169.92369658602146,24963600
2025-05-27,173.61593627929688,173.92528515676113,170.8517435680547,170.9415515853457,24341300
2025-05-28,173.0172119140625,176.1107161118287,172.65297018501624,173.61594729418155,25999200
2025-05-29,172.5980987548828,175.0329804174553,171.42055991285764,174.63382348309548,21174700
2025-05-30,172.48831176757812,173.0770735186819,168.17234979116824,172.04923004578563,36258300
2025-06-02,170.01348876953125,170.70404207052295,168.29708672339368,168.65633401739595,24742900
2025-06-03,167.3590850830078,169.44470824759915,166.33122627831037,168.51166710695887,25386700
2025-06-04,169.03555297851562,169.22515784223899,167.44388927750356,167.92787503026992,18508700
2025-06-05,169.4546661376953,171.999333247985,168.9956372255751,171.26087623375113,25375400
2025-06-06,174.55397033691406,175.4620697761154,171.93945767537895,171.93945767537895,22258100
2025-06-09,177.47137451171875,177.75610840952234,175.5031325772629,175.71293650196031,18817600
2025-06-10,179.8492431640625,182.2820814822952,176.3174115528641,177.6012524442818,32908000
2025-06-11,178.63034057617188,181.587704115862,177.84105272420047,181.06816418757248,18994400
2025-06-12,176.8119659423828,177.97093371422645,175.95273331776258,177.32150502104858,17345900
2025-06-13,175.7229461669922,178.18374417661255,173.41501140826213,173.4249969901244,20873200
2025-06-16,177.78109741210938,178.08581772153445,175.66299550545116,175.74791106095938,18132500
2025-06-17,177.0717315673828,178.5554060908411,175.78289022905207,176.84194122313968,17656100
2025-06-18,173.8246307373047,177.66520741745524,172.68564937270733,177.12168687013792,32531800
2025-06-20,167.58021545410156,175.2084072749372,166.1215277486504,174.70885376714864,55402600
2025-06-23,165.86175537109375,168.32955099660168,163.18415580302408,167.17059840849774,36975600
2025-06-24,167.5902099609375,169.09885600930554,166.7609493398623,167.5352511496685,27310300
2025-06-25,171.3368682861328,173.2051935344053,168.41048297188135,168.49939276403427,23627400
2025-06-26,174.27423095703125,174.4940357220232,170.70742680723183,173.23016594590123,25909100
2025-06-27,178.11080932617188,178.68029238922279,172.55577684017305,174.47406045255778,74053100
2025-06-30,177.23159790039062,181.41785885338717,175.34328619730314,180.6235705829387,43964600
2025-07-01,176.7520294189453,177.06175016091657,174.50403858767385,176.64711220363492,25778500
2025-07-02,179.59947204589844,179.77431882306013,175.93275111969743,176.38734664225254,19325900
2025-07-03,180.38877868652344,180.60858345440707,178.03088546799643,179.65943481772604,13287400
2025-07-07,177.4014434814453,180.1789598314395,176.48226683459202,179.9741410589373,20991400
2025-07-08,175.0035858154297,178.63033385947716,173.76468764691197,178.62034827773374,24108600
2025-07-09,177.50135803222656,180.11901356387378,173.72473469070374,175.95273909172283,31288000
2025-07-10,178.54042053222656,179.4296251657738,175.5830723051054,176.512234511381,24693700
2025-07-11,181.14808654785156,182.44692868840252,177.38245509455163,177.75112886809936,23975700
2025-07-14,182.64674377441406,184.5650273381907,180.5496192082718,181.9074143693571,20990400
2025-07-15,182.93649291992188,185.24442758915293,182.22712026096616,183.77573911870363,23911600
2025-07-16,183.60589599609375,185.16950087616138,182.91650973311008,184.1554078901505,21152600
2025-07-17,184.53506469726562,185.02162933119868,181.33792526233427,182.95148859796868,21654400
2025-07-18,185.77395629882812,187.19268639627012,184.56503013215195,186.45334173485833,21033400
2025-07-21,190.9792938232422,191.08919620124823,186.88296433744753,186.9329227356617,24665000
2025-07-22,191.93844604492188,193.18732979274287,188.32666875796485,192.2481667751554,26212900
2025-07-23,191.33897399902344,193.18732802696937,190.010159874068,192.1882210378446,34068100
2025-07-24,193.0274658203125,198.79231737351353,191.77858209315576,197.9330847594232,45252100
2025-07-25,193.9066925048828,195.10061746773786,191.95843686256575,192.75771028339912,31101800
2025-07-28,193.2472686767578,194.6460275845246,191.68366382649796,194.23639006720387,25553500
2025-07-29,196.25457763671875,196.4843832196581,192.817662416167,193.1273831421187,31891600
2025-07-30,197.26368713378906,198.30275169861974,195.3853611085289,196.12470577159496,21150500
2025-07-31,192.68777465820312,196.65423062723093,191.90847242579005,196.4244402882278,27852000
2025-08-01,189.78036499023438,191.44687467641603,188.5314812837375,189.6105186355703,21236700
2025-08-04,195.5751953125,195.9049024520249,190.74950667153828,191.00428383507187,23386000
2025-08-05,195.1455841064453,198.5225553573162,194.5011558308944,195.37037403152394,19010200
2025-08-06,196.74415588378906,197.20375182865104,194.2933433951165,195.0756489615275,15383700
2025-08-07,197.10382080078125,198.19284373359994,195.04566289247066,197.53344472313984,14660600
2025-08-08,201.90953063964844,203.24833036524188,197.72326985656238,197.80320024624658,24379900
2025-08-11,201.449951171875,201.97947666721265,199.6215835153614,201.37500595004394,16690200
2025-08-12,203.97769165039062,204.9468266736469,201.2201465346662,201.91453322711988,19854000
2025-08-13,202.84869384765625,205.24654455972473,198.46261470892654,204.79694945685728,19573000
2025-08-14,203.63800048828125,205.2365625759638,202.14432512407217,202.37911588398708,17777100
2025-08-15,204.72702026367188,207.14485738883576,201.9045460206804,204.53718749330082,21111400
2025-08-18,204.10755920410156,205.95591322393057,203.22835542424343,204.88687667774633,13000200
2025-08-19,202.30918884277344,204.10756930819693,200.75056906348905,203.72291858829,13476600
2025-08-20,200.01123046875,201.9894580373513,197.28367265876727,201.49989012472352,13971700
2025-08-21,200.4408416748047,203.17840034597594,200.22103691495778,200.54075847297617,11768900
2025-08-22,206.535400390625,209.0431534739571,201.94950291655513,203.7778705571345,25723700
2025-08-25,208.9732208251953,210.90148999026277,205.7660806926536,206.8151460768586,22788800
2025-08-26,207.76429748535156,208.2738518119723,206.26563698618554,208.18392059569848,23051000
2025-08-27,208.02407836914062,209.3828645197921,206.20569628356685,206.2756410923181,15249000
2025-08-28,212.1803436279297,212.70986910562976,207.4146143286289,207.6543902459798,20915700
2025-08-29,213.3393096923828,215.14769086553312,210.78159829310974,211.08133343259135,24682200
2025-09-02,211.8007049560547,212.17936432543956,206.77519781054198,208.80338386353435,28900100
2025-09-03,230.8936309814453,231.59300282388122,224.91896021781164,226.27774633104264,72250300
2025-09-04,232.45223999023438,232.56214237085004,226.55749949973745,229.94947205835598,32196000
2025-09-05,234.95999145507812,235.9191408833356,232.17248963182874,232.4522383723282,26127700
2025-09-08,234.16000366210938,238.39999389648438,233.72999572753906,235.7899932861328,23128800
2025-09-09,239.94000244140625,240.58999633789062,233.3800048828125,234.19000244140625,22854800
2025-09-10,239.55999755859375,242.0800018310547,238.11000061035156,239.25,19990100
2025-09-11,240.77999877929688,242.57000732421875,236.5800018310547,240.13999938964844,21308600
2025-09-12,241.3800048828125,242.42300415039062,238.5,240.8000030517578,14536600
2025-09-15,251.75999450683594,252.75,244.97999572753906,245.13999938964844,29935200
2025-09-16,251.4199981689453,253.22999572753906,249.71499633789062,252.3300018310547,24493500
2025-09-17,249.85000610351562,251.9499969482422,246.5800018310547,251.4600067138672,20491300
2025-09-18,252.3300018310547,254.13999938964844,250.11000061035156,251.86000061035156,21166400
2025-09-19,255.24000549316406,256.70001220703125,252.0679931640625,253.39999389648438,41616800
2025-09-22,252.8800048828125,256.30999755859375,250.80999755859375,254.77999877929688,20079000
2025-09-23,252.33999633789062,254.77000427246094,251.08999633789062,253.65499877929688,17521100
2025-09-24,247.8300018310547,252.9600067138672,247.22000122070312,252.14999389648438,16958500
2025-09-25,246.57000732421875,247.31500244140625,241.64999389648438,244.83999633789062,17379800
2025-09-26,247.17999267578125,250.1199951171875,246.63999938964844,247.78500366210938,16594600
2025-09-29,244.36000061035156,251.6479949951172,243.1999969482422,248.27499389648438,23157200
2025-09-30,243.5500030517578,243.6750030517578,239.5709991455078,243.05999755859375,22541200
2025-10-01,245.5399932861328,247.14999389648438,239.1999969482422,241.17999267578125,23967700
2025-10-02,246.42999267578125,247.63499450683594,243.10499572753906,245.63999938964844,20657500
2025-10-03,246.4499969482422,247.1179962158203,242.47000122070312,245.22999572753906,19941400
2025-10-06,251.50999450683594,252.1999969482422,245.69000244140625,245.77999877929688,18309000
2025-10-07,247.1300048828125,251.5500030517578,246.80999755859375,248.92999267578125,13811200
2025-10-08,245.4600067138672,247.25999450683594,245.08999633789062,246.1999969482422,14136500
2025-10-09,242.2100067138672,245.55499267578125,239.67999267578125,245.05999755859375,19375700
2025-10-10,237.49000549316406,244.83999633789062,236.68499755859375,242.16000366210938,22449100
2025-10-13,244.63999938964844,244.99000549316406,240.75,241.02999877929688,12465000
2025-10-14,246.19000244140625,248.02499389648438,241.17799377441406,241.7550048828125,17705400
2025-10-15,251.7100067138672,252.75999450683594,246.7899932861328,248.0850067138672,16048100
2025-10-16,251.8800048828125,257.5799865722656,250.6699981689453,252.46499633789062,18946000
2025-10-17,253.7899932861328,254.8800048828125,248.58999633789062,251.35000610351562,17653800
2025-10-20,257.0199890136719,257.8800048828125,254.60000610351562,255.22999572753906,13726800
2025-10-21,251.33999633789062,255.3800048828125,244.6699981689453,255.25,27836400
2025-10-22,252.52999877929688,257.17999267578125,250.4510040283203,255.00999450683594,19650200
2025-10-23,253.72999572753906,255.86000061035156,252.76800537109375,253.6999969482422,13241300
2025-10-24,260.510009765625,262.510009765625,256.1000061035156,257.29998779296875,18406000
2025-10-27,269.92999267578125,270.79998779296875,264.94000244140625,265.3599853515625,22987700
2025-10-28,268.42999267578125,271.3800048828125,267.1700134277344,270.20001220703125,20101200
2025-10-29,275.1700134277344,275.9700012207031,268.42999267578125,268.6099853515625,26287900
2025-10-30,281.8999938964844,291.92999267578125,280.45001220703125,291.7200012207031,48570000
2025-10-31,281.82000732421875,286.2850036621094,277.52301025390625,283.2049865722656,29932800
2025-11-03,284.1199951171875,285.94000244140625,280.3699951171875,282.4200134277344,19691800
2025-11-04,278.05999755859375,281.8340148925781,276.864990234375,277.06500244140625,18123700
2025-11-05,284.75,286.70001220703125,277.8800048828125,279.3800048828125,20063200
2025-11-06,285.3399963378906,288.80999755859375,281.6199951171875,285.7349853515625,23103800
2025-11-07,279.70001220703125,284.5,275.739990234375,284.2099914550781,21991100
2025-11-10,290.5899963378906,291.4599914550781,283.5400085449219,285.2650146484375,19508200
2025-11-11,291.739990234375,292.3399963378906,287.8800048828125,288.20001220703125,14156700
2025-11-12,287.42999267578125,292.3599853515625,284.3800048828125,292.0849914550781,16998800
2025-11-13,279.1199951171875,283.510009765625,278.0,282.9849853515625,18035600
