Price,Close,High,Low,Open,Volume
Ticker,IOC.NS,IOC.NS,IOC.NS,IOC.NS,IOC.NS
Date,,,,,
2020-12-02,40.84654998779297,41.28551036296067,39.55276647370427,39.66828361430714,67092000
2020-12-03,41.539649963378906,41.63206156607874,40.47690066858572,41.33171856938925,58976355
2020-12-04,41.77068328857422,42.25585215407017,41.12379146791296,41.72447748537202,37284490
2020-12-07,42.371360778808594,42.602395050655694,41.770677488712074,41.8168832854986,32007978
2020-12-08,42.07102584838867,42.648606314126006,41.60895988942426,42.50998626204092,25684155
2020-12-09,43.4110107421875,43.54963078822955,42.09412691468173,42.23274696072377,51701644
2020-12-10,42.717918395996094,43.3879131640874,42.117234981406725,43.3879131640874,33364783
2020-12-11,43.36480712890625,44.40445356072738,42.99515541678641,43.226187075871906,82795728
2020-12-14,44.450653076171875,44.727893143024716,43.71134975650726,43.89617558642341,52441758
2020-12-15,44.10409927368164,44.47375089126441,43.59583028247303,44.47375089126441,31439902
2020-12-16,44.51996612548828,45.05134341292412,44.26583157598015,44.58928011491707,33946033
2020-12-17,44.08100128173828,44.82030459914544,43.896175452386494,44.58927561740222,24968898
2020-12-18,43.4110107421875,44.24272837448231,43.11067039371345,44.08100542809284,36546885
2020-12-21,40.24586868286133,43.156879282191035,39.090707719095725,43.156879282191035,73823025
2020-12-22,40.63861846923828,40.89275564891841,38.905874585809535,39.7375921786468,51043984
2020-12-23,40.73103332519531,40.93896206555479,40.08414156055927,40.754136224795545,31573149
2020-12-24,41.70137023925781,42.1634361843099,40.77724099311114,40.77724099311114,32996755
2020-12-28,42.371360778808594,42.50998081312541,42.00170911660193,42.04791491338845,19819689
2020-12-29,42.14033508300781,42.74101845766245,41.770683368765326,42.5099867972503,22058307
2020-12-30,42.001708984375,42.37136064541795,41.58585152669098,42.209640357174244,20131573
2020-12-31,42.02481460571289,42.348260491072615,41.67826582053568,41.81688586339805,22766266
2021-01-01,42.278953552246094,42.39446805614394,42.09412770205202,42.1865393051703,10716213
2021-01-04,43.36480712890625,43.45722137891501,42.509986553145026,42.509986553145026,31411359
2021-01-05,42.9720458984375,43.08756038821452,42.4175684156362,42.9720458984375,28072567
2021-01-06,43.48031997680664,44.173417529418906,43.06445985886487,43.133771200500505,37066479
2021-01-07,43.6651496887207,44.104110100877556,43.34170378294324,43.89618134543707,27214861
2021-01-08,44.427555084228516,44.54306958820955,43.73445748451227,43.94238887959315,33813061
2021-01-11,44.358245849609375,44.797206247385475,43.71135405924724,44.4506574516854,24338116
2021-01-12,45.259273529052734,45.90616001285419,43.988592885473274,44.17341872825544,47912310
2021-01-13,46.645469665527344,47.47718465378535,45.37478899488018,45.49030349660631,83906529
2021-01-14,47.68511962890625,47.869942845559706,46.3451301565074,47.01512489270683,46080657
2021-01-15,46.807186126708984,48.008552709815305,46.43753446360592,47.75442082687317,41757006
2021-01-18,45.420997619628906,47.06133008570257,45.0513459032072,46.9227073870974,42899784
2021-01-19,45.5365104675293,46.34512786413749,45.282378557200936,45.74444186389485,36623602
2021-01-20,45.420997619628906,46.11409524890902,45.16686041211546,45.698237728924006,28395798
2021-01-21,44.68169403076172,46.021683481079535,44.45065972583668,45.37479165762161,38452279
2021-01-22,44.21961975097656,44.982028583553735,44.01169103080356,44.58927404056505,33756312
2021-01-25,43.17998123168945,45.051345335975334,43.04136117878724,44.82031103315245,33799852
2021-01-27,42.23274612426758,43.341701182725195,41.70136885097121,42.97204949657266,41240343
2021-01-28,42.7872200012207,42.948942930602605,41.701365291383034,41.79377952701149,36206854
2021-01-29,43.087562561035156,44.49686055904053,42.87963382499388,43.34169973927464,111293214
2021-02-01,44.265830993652344,44.543068440017954,43.15687592027501,44.265830993652344,79766275
2021-02-02,45.65203094482422,45.836854155107716,44.70479612837583,45.074447836857985,57962112
2021-02-03,47.06132507324219,47.315456965773,46.160296135979735,46.483742014388206,87238200
2021-02-04,47.869937896728516,48.21648668004259,47.361668815561444,47.50028621372116,76757127
2021-02-05,47.315460205078125,48.332003708539965,47.15373989875957,48.28579790673466,47134357
2021-02-08,48.100975036621094,48.23959244300848,47.33856872566029,48.05476923449197,56887465
2021-02-09,48.648704528808594,49.69437898172252,48.30014637783728,49.69437898172252,71867815
2021-02-10,48.17566680908203,49.17154812581328,47.85200523868268,48.84788655541393,34008033
2021-02-11,48.05118179321289,48.549119581741586,47.752416840708676,47.85200325872091,29268846
2021-02-12,47.35406494140625,48.34994050734305,47.10509320068833,48.07607786086752,28558101
2021-02-15,46.88102340698242,47.85200526957342,46.80633074110073,47.57813975929754,22194036
2021-02-16,47.603031158447266,48.05117855702138,46.8063256218378,46.88101827955027,37303716
2021-02-17,47.304264068603516,47.652822190741766,47.12998500753439,47.57813238566932,24688639
2021-02-18,49.29602813720703,49.71927610384194,47.45365094814086,47.45365094814086,81083085
2021-02-19,48.574012756347656,50.04293511217497,47.85199987980653,49.39561204386905,63290026
2021-02-22,47.627925872802734,49.047052122267814,47.35406040333875,48.54911438701813,29230623
2021-02-23,48.62380599975586,49.34581887686003,47.80220671159376,48.00137953370962,53269024
2021-02-24,48.773189544677734,49.74416841418685,48.30014271238674,48.997258961425885,29676166
2021-02-25,50.24210739135742,50.764947440289646,49.221335292903156,49.49519792014028,94125667
2021-02-26,48.8229866027832,50.764950193578755,48.399738639267134,49.544999510683354,68584740
2021-03-01,50.142520904541016,50.54087224201467,49.694376362191534,50.29190621763553,45069373
2021-03-02,50.88943099975586,51.835518999419754,50.665361575062086,50.91432760249961,68580370
2021-03-03,51.08860397338867,51.785720171460746,50.491074175479326,51.287776773714135,45034914
2021-03-04,50.51597595214844,51.337575234617375,50.36659633659666,50.5408725547404,25305613
2021-03-05,50.51597595214844,51.21309222165756,50.21721102257781,50.64046466357532,60217765
2021-03-08,51.5865478515625,52.28366413313323,50.839638363946314,50.914328173014496,74599173
2021-03-09,50.067832946777344,51.23799039998705,49.395613259187215,51.0139209697685,44887903
2021-03-10,49.22133255004883,50.740048010328934,49.146642746782604,50.740048010328934,31741065
2021-03-12,50.4412841796875,50.939221910599194,49.893553245531315,49.91844984715355,52481499
2021-03-15,50.316810607910156,51.13841001245928,49.79397047885678,50.615569883405904,31646668
2021-03-16,49.99314498901367,51.08861267273898,49.769069852025616,50.83964093147086,41291265
2021-03-17,48.897674560546875,50.41639013025171,48.79808814901663,50.41639013025171,31383499
2021-03-18,48.42463684082031,49.54500114537553,48.051182072635235,49.24623619113397,32120652
2021-03-19,49.171539306640625,49.59478722326106,47.50343854276007,48.27524457279733,51668046
2021-03-22,49.3707160949707,49.69437763341011,48.92257154115735,49.61968782418575,31878691
2021-03-23,49.678794860839844,50.06390179774558,49.49907515627556,49.90986137348949,33229980
2021-03-24,48.54915237426758,49.67879989542364,48.39510899626756,49.29369291949012,28562503
2021-03-25,46.674964904785156,48.626173216049985,46.44390130389674,48.44645936724029,41865562
2021-03-26,46.674964904785156,47.342485238610706,46.52092446294827,47.1370950446951,28462275
2021-03-30,47.00872039794922,47.214110571444316,46.26417991722969,46.72630707306046,30887440
2021-03-31,47.16276931762695,47.39383292275795,46.700639169231806,47.00872593482857,20242771
2021-04-01,47.830291748046875,47.932988326740606,46.82901406191687,47.2397945004249,22265911
2021-04-05,46.59794616699219,47.7532671463391,46.2385125816665,47.7532671463391,25774072
2021-04-06,46.8033332824707,47.162766844104844,46.44389972083656,46.674963313849084,16560441
2021-04-07,47.59922790527344,47.7019244835068,46.80334044196529,46.80334044196529,20614233
2021-04-08,47.727596282958984,48.11270329660509,47.49652972426464,47.75326969211761,19175106
2021-04-09,47.08574295043945,47.727589845364925,46.88035276674053,47.650566690144736,15445974
2021-04-12,44.67240905761719,46.44390055330988,44.54403908669463,46.26418376927152,29943736
2021-04-13,45.59667205810547,45.827735684011614,44.72376143585251,44.775108255357566,23964055
2021-04-15,46.26418685913086,46.3925568386269,45.23723583756226,45.28858265410737,23591248
2021-04-16,46.28986358642578,46.80334060309344,45.77638950789158,45.77638950789158,15435475
2021-04-19,45.23723220825195,45.5966657714975,44.595388238532344,45.16020905148048,22902361
2021-04-20,45.08319091796875,46.21283847237796,44.85212731323349,45.36560427563762,16299066
2021-04-22,45.108863830566406,45.33992743276711,44.852126821247076,45.18588405192227,14235285
2021-04-23,45.2115592956543,45.46829629871857,44.877799134977614,45.00616910557627,12005517
2021-04-26,45.2885856628418,45.596672458846655,45.05752203490487,45.54532270075689,10600021
2021-04-27,45.622344970703125,45.7507149562003,45.2885847712905,45.2885847712905,13128622
2021-04-28,45.90475082397461,45.98177398282632,45.699360630591855,45.80205719634978,9505056
2021-04-29,45.648014068603516,46.46957484666678,45.545317502279055,46.34120487329449,13435744
2021-04-30,46.6492919921875,47.80461294700645,45.18588427416358,45.493971037368546,44723547
2021-05-03,46.95738220214844,47.18844582244609,45.98177796456577,46.135821357475315,20483677
2021-05-04,46.931705474853516,48.01000327271584,46.77766209283514,47.496526312032316,22283461
2021-05-05,47.342491149902344,47.9843352187641,47.13710093034124,47.65057501017726,34464111
2021-05-06,47.54787826538086,47.83028869704064,47.239791487085405,47.676248246026184,22084128
2021-05-07,48.62617492675781,48.908588289660486,47.34248690415736,47.70192049068811,27762753
2021-05-10,50.91114044189453,51.11653356889089,48.88291195960245,48.934258772285034,55456126
2021-05-11,53.247459411621094,53.606893001877864,50.21795024071398,50.628730647255075,115361688
2021-05-12,52.78532791137695,54.73653615339911,52.528587974493576,53.35014872100122,58626690
2021-05-14,51.88675308227539,53.22178798415125,51.34759973869218,52.785334153225165,32738629
2021-05-17,52.37455368041992,52.50292072578304,51.398946506860206,52.194833940644884,29540865
2021-05-18,54.1973876953125,54.37710153424797,52.60561304539201,52.93936731770074,53646370
2021-05-19,55.04463195800781,55.94321307052967,53.452857015247055,53.65824429753002,111262026
2021-05-20,53.76094055175781,56.328316682061995,53.658241040583036,56.328316682061995,84723675
2021-05-21,53.555545806884766,54.89058064963624,53.17043881120905,54.32575979823619,57868768
2021-05-24,56.199947357177734,56.43100802634201,53.91497881562172,53.91497881562172,124798564
2021-05-25,56.63639450073242,57.45795520252475,56.27696095916507,56.68774131006124,61080268
2021-05-26,57.50930404663086,57.92008441206114,56.09724911133062,56.533702882333664,55487863
2021-05-27,56.61072540283203,58.382219840774034,56.45668496312668,57.86873995589067,51485233
2021-05-28,56.405338287353516,57.50931251840844,55.686476949153466,57.252578424860836,45369177
2021-05-31,56.09725570678711,56.73909679783479,55.63512259961159,56.48236271192234,27328504
2021-06-01,56.431007385253906,56.970160693044846,55.99455358330227,56.225620126107856,25662061
2021-06-02,56.9188117980957,57.20121926910062,56.25129147773377,56.37965851000873,26079462
2021-06-03,57.74037170410156,57.99711164112434,56.55937739582234,56.55937739582234,31434373
2021-06-04,58.84435272216797,59.02406658585626,57.71470509304154,57.766051911238186,42494730
2021-06-07,58.89569854736328,59.434846005604626,58.69030540177298,58.972718773359674,28815546
2021-06-08,59.92265319824219,60.33343361778661,58.20250541693328,59.126759891841566,34179129
2021-06-09,59.0240592956543,60.51314034450405,58.7929986423082,60.12803337932794,31520341
2021-06-10,59.537540435791016,59.81994790701139,59.15243346240625,59.306473901253725,19462978
2021-06-11,59.1010856628418,60.256406678580056,58.74165206619435,59.76860603893943,22644016
2021-06-14,58.92137145996094,59.409172096764486,57.766050450942096,59.17811142072063,15977089
2021-06-15,59.434844970703125,59.76860515380919,58.81867729719432,58.81867729719432,18716286
2021-06-16,59.51185989379883,60.153706794614195,59.306472646348126,59.43483967600481,17840275
2021-06-17,58.84435272216797,59.71726038404446,58.561939345819695,59.02406658585626,14332735
2021-06-18,57.66335678100586,59.357825242664916,56.99583640920891,59.152437975199106,24316953
2021-06-21,57.84306335449219,58.27951711915061,56.81610951771216,57.25256915863636,22640152
2021-06-22,58.4592399597168,58.97271396744772,58.022786171705604,58.330867050584494,18181960
2021-06-23,57.971431732177734,58.792998346517244,57.86873810898501,58.792998346517244,8197572
2021-06-24,57.22690200805664,58.33087030482792,57.02150886774586,58.02278940876138,11987605
2021-06-25,57.20121383666992,57.714693669536445,57.09852022060283,57.25256652096898,7819713
2021-06-28,56.9188117980957,57.4836326163716,56.84179157873073,57.45795920991661,9776194
2021-06-29,55.53242874145508,57.45796375937145,55.352714882040594,56.91881630486148,22785070
2021-06-30,55.404056549072266,56.43100454565929,55.250010236198015,55.5837703917819,17106526
2021-07-01,55.224334716796875,55.9432018126581,55.1216410963212,55.404054428895066,13216218
2021-07-02,55.68647384643555,56.353988328733756,55.327040259228944,55.327040259228944,17907844
2021-07-05,55.86618423461914,56.19994439318691,55.68647039030282,56.19994439318691,9305578
2021-07-06,55.66079330444336,56.174273203858746,55.558099675066785,55.81483962477448,9301320
2021-07-07,55.42973327636719,55.66079394512408,55.018952877866376,55.27568695426292,11177004
2021-07-08,55.224334716796875,56.02022202801486,55.1216410963212,55.42972783401398,14297863
2021-07-09,55.095977783203125,55.25001824213242,54.71087075961304,55.22434483231087,10924398
2021-07-12,55.04463195800781,55.60945286055291,54.864912209743274,55.121652188863926,9438729
2021-07-13,55.35270690917969,55.5067473379188,54.86490046564113,55.121640389805336,11227437
2021-07-14,54.993282318115234,55.53242978273467,54.76221576112596,55.224342998837855,9119790
2021-07-15,54.582496643066406,55.0702972427814,54.5054705473084,54.94193021029484,11451739
2021-07-16,54.47980499267578,55.14732541034395,54.14605066010862,54.45413158247831,11793582
2021-07-19,54.40278244018555,55.404063023953384,53.96632860918932,54.30008880377859,17532862
2021-07-20,54.223060607910156,54.839228212067226,53.683907343473685,54.47979466119818,19243816
2021-07-22,54.78789138793945,54.94193772425706,54.01767733515205,54.68519774790563,16258848
2021-07-23,54.42845153808594,55.04462506025477,54.14604406033591,54.78788511330672,10996716
2021-07-26,53.73525619506836,54.55682282559167,53.65823597615662,54.42844991780607,10937572
2021-07-27,53.375823974609375,54.09468516634561,53.01639044060848,53.78660431685817,11591373
2021-07-28,53.4015007019043,53.78660766399432,52.93936764638356,53.4015007019043,13733836
2021-07-29,53.35015106201172,53.658237824537466,52.99072336137563,53.529870788596,15139800
2021-07-30,52.96504592895508,54.582500019675805,52.836678888527416,53.529872659369666,39367890
2021-08-02,54.171714782714844,54.35142862328572,53.22178113947105,53.65823491426623,19968907
2021-08-03,54.50547409057617,54.685193824006575,54.06902027548301,54.42845386607735,15159726
2021-08-04,54.069007873535156,55.198655202540586,53.86362065531514,54.68518128072543,17376739
2021-08-05,54.14715576171875,54.58991668282177,53.41790037595499,54.433644265196286,20246398
2021-08-06,55.162906646728516,55.34522349688251,54.069023429356434,54.14716262867041,13803814
2021-08-09,54.38155746459961,55.44939617346801,54.14715777123709,55.31917412159994,12460222
2021-08-10,53.26163101196289,54.64200863441005,53.07932013566118,54.64200863441005,12318604
2021-08-11,54.51177978515625,54.66805220935162,53.28767460801256,53.54812467421587,16287054
2021-08-12,54.22529220581055,54.954547634823335,54.042975367965575,54.511780726278495,13442644
2021-08-13,54.51177978515625,54.6940966198536,54.04297443493705,54.173202448630434,10050325
2021-08-16,55.8400764465332,55.970298517422144,54.32947657948427,54.563882268268664,32819128
2021-08-17,55.0587272644043,56.387010154394645,54.537833065401294,55.89216036728261,25693791
2021-08-18,55.31917953491211,55.475446012445396,54.53783522487767,55.42335718660097,18888795
2021-08-20,53.912757873535156,54.954552283273514,53.65230778080455,54.928507870118864,15736258
2021-08-23,53.65230178833008,54.642007261218026,53.235585263215,54.642007261218026,10432123
2021-08-24,55.162906646728516,55.319179084172504,53.99089019122642,54.12111225477644,17847588
2021-08-25,55.26708221435547,55.709849136104005,54.90245448897556,55.47544346936559,11312487
2021-08-26,55.00663375854492,55.24103344561184,54.53782842322781,55.162900216589534,11929699
2021-08-27,55.18894958496094,55.449399666286524,54.85036626759281,55.08477193690422,8356207
2021-08-30,55.91820526123047,56.36096622837752,55.26708303597573,55.42335546985245,19240269
2021-08-31,57.74134826660156,57.975747993305205,55.944253889285655,56.256792819408105,33485407
2021-09-01,57.68925476074219,58.184104549287284,57.09022136314777,57.81947682057411,17700178
2021-09-02,57.376712799072266,57.48089044138747,56.77767943339286,57.194395963837174,17265598
2021-09-03,58.913360595703125,59.12171589351725,57.350672017361845,57.663210925266874,22906791
2021-09-06,58.13201904296875,59.27799111844205,57.94970218761539,59.2519467049893,11302936
2021-09-07,58.26224136352539,58.57478028750124,57.6632138903238,58.132019295695514,11374723
2021-09-08,58.65290832519531,58.809174792729024,57.871564065159525,57.871564065159525,12497221
2021-09-09,58.75708770751953,59.72074883602134,58.548732411314035,58.678954471442474,19983877
2021-09-13,59.382164001464844,59.512386058266486,58.600819738287676,58.75708620644965,13133424
2021-09-14,60.03329086303711,60.37186823697589,59.382168606171234,59.382168606171234,13852611
2021-09-15,60.63230895996094,60.866714605331886,60.007237174277066,60.13745922104804,19025859
2021-09-16,61.648067474365234,61.986650804748564,60.50209541813858,60.78858992249125,21129102
2021-09-17,61.595970153808594,62.22104194115869,60.4760426650433,61.83036983862117,52041975
2021-09-20,59.694705963134766,61.30948339509718,59.590522351162,60.6844055679964,13756386
2021-09-21,59.90306091308594,60.24164423734607,59.043583376755386,59.66866120018702,14070891
2021-09-22,60.658363342285156,60.84068019892281,59.929107838102865,59.929107838102865,11751877
2021-09-23,61.46574783325195,61.80433114827309,60.84067598806072,60.94485363539529,13392397
2021-09-24,61.0750617980957,61.96058948250593,60.4239456892199,61.46573384789414,11883868
2021-09-27,61.80432891845703,61.908506562033025,61.205301506711535,61.54387884833351,14908830
2021-09-28,64.04418182373047,64.5390315749112,61.83037120664209,61.83037120664209,30580264
2021-09-29,66.38821411132812,66.67470858087229,63.549331709287394,63.679553758542326,29772804
2021-09-30,65.2682876586914,66.9351537608185,64.77343790234431,66.38821518392785,17995564
2021-10-01,66.36217498779297,67.1174748560043,65.11202533181053,65.45060268684395,20085250
2021-10-04,65.76315307617188,66.85703645163886,65.37248086787544,66.57054190923886,11345266
2021-10-05,67.6644058227539,68.02903350970033,65.76313416107256,65.76313416107256,30310881
2021-10-06,67.76859283447266,70.26889817104866,67.37792068449365,68.18530939703801,38136735
2021-10-07,68.88851928710938,69.22710260615476,67.63836962068444,67.97695293972983,19049433
2021-10-08,68.65411376953125,70.03448537988969,68.15925805830874,69.56568003979028,13639896
2021-10-11,68.52388763427734,69.77404319033931,68.34157675970867,68.83642652329283,9461719
2021-10-12,68.36762237548828,69.04478898676112,67.35187245857902,68.68016127001295,14989111
2021-10-13,68.36762237548828,68.94060538113051,67.87277260318133,68.73225009223646,13747222
2021-10-14,70.00845336914062,70.58144241166451,68.23740933483268,68.75830358706719,21061104
2021-10-18,71.02420043945312,72.92547242791419,70.68561710329604,72.92547242791419,22145724
2021-10-19,69.69590759277344,71.49300182643606,69.46150788480688,71.18046292129685,15474921
2021-10-20,68.00299072265625,69.95635124889337,67.53418538859599,69.38336827641601,16132831
2021-10-21,68.57598114013672,70.58143666448943,68.08113134274844,68.78434240077509,27519955
2021-10-22,68.08113098144531,69.61777515150278,67.71650324815114,69.04479211985986,16376905
2021-10-25,67.9509048461914,68.9666487871135,66.90911053335364,68.5499322542151,15055837
2021-10-26,68.49784088134766,68.9666462182484,67.74254107588074,68.23739678372684,15198604
2021-10-27,68.13322448730469,69.2791965905114,67.84673593239121,68.62808027725104,13412194
2021-10-28,67.01329040527344,68.44575688792403,66.5444850353173,68.13321798755871,13901230
2021-10-29,66.64867401123047,67.71650689514559,65.86732967797424,66.67471842492674,12613387
2021-11-01,68.57598114013672,69.20105896086794,65.94545971742056,68.8103868132069,26818699
2021-11-02,68.13322448730469,69.2791965905114,68.00300241688947,69.04479686376402,14533176
2021-11-03,69.04478454589844,70.32097849184227,67.9248570565743,68.13321233206723,31141038
2021-11-04,70.13866424560547,70.320981079554,69.56568125573175,70.29493666915899,4986216
2021-11-08,73.15985870361328,73.39426434285309,69.93030433870015,70.3209764299778,37249699
2021-11-09,72.76919555664062,73.70681226766241,72.37852341734416,73.68076785578823,19382632
2021-11-10,72.63896942138672,73.60262452902678,72.24829730401146,72.61292501097394,15366904
2021-11-11,72.01766204833984,73.26027693186502,71.63947437223469,72.47688861585229,19049466
2021-11-12,71.82855987548828,72.82805801182988,71.34232037966805,72.39584443967074,14255041
2021-11-15,71.7745361328125,72.47688552748964,71.31530958486847,71.99064601689425,8808997
2021-11-16,70.7750473022461,72.12571404360374,70.58595037239078,72.07168811589396,9738892
2021-11-17,69.39736938476562,70.99115916674235,69.23529158302092,70.72102331429605,9331351
2021-11-18,69.88359832763672,70.36984402454554,68.93813226240343,69.39735881359877,10891344
2021-11-22,67.2633056640625,70.18074901050787,67.02018280899578,69.9916582654668,11624364
2021-11-23,68.15475463867188,68.5329423605159,66.85811367072313,66.99317850607034,18446718
2021-11-24,68.93814086914062,69.85659408619766,68.2898173142347,68.451901294397,12152407
2021-11-25,67.88460540771484,69.15423934127098,67.26330110468052,68.93812946443038,9581943
2021-11-26,65.3453598022461,67.85760272232498,65.10224310971226,67.85760272232498,11587932
2021-11-29,64.18377685546875,65.34535281079873,63.670524376606494,64.58897748254336,15803560
2021-11-30,64.26483154296875,65.3183496212755,63.670533903471565,64.29184450995756,27563893
2021-12-01,63.5894889831543,64.80509093119734,62.94116547104951,64.64300696173552,19871665
2021-12-02,65.18327331542969,65.42638997554538,63.6975356610175,63.75156158548766,20686078
2021-12-03,66.02069091796875,66.37186562802059,65.23730260697721,65.37236742512367,14866089
2021-12-06,65.3453598022461,66.50693588185571,65.10224310971226,66.15576114310197,9379269
2021-12-07,65.15626525878906,66.64199684219078,64.96716832603575,65.80458258411326,14464680
2021-12-08,65.0482177734375,66.20979397408777,64.83211402422194,65.72355435548054,14700337
2021-12-09,64.6700210571289,65.64250006644649,64.53495006265037,65.37236426036016,19297434
2021-12-10,64.8591079711914,65.53444435517385,64.61598514175402,64.83209501046174,20332264
2021-12-13,63.91364669799805,65.53444919290673,63.67052385061341,65.37236523369336,20362045
2021-12-14,63.697547912597656,64.39989743154098,63.2923472182645,64.29184556181798,17422254
2021-12-15,62.508949279785156,63.967674030436456,62.400897426513495,63.58948636111467,17936938
2021-12-16,62.53596496582031,63.29234033739527,62.373887178856215,63.049223656949124,15950560
2021-12-17,60.96918487548828,62.67103245755469,60.69905524569275,62.64401949457513,17648721
2021-12-20,58.75410079956055,60.78010427540746,58.42993900685065,60.50996841767056,17713881
2021-12-21,59.1592903137207,59.59150389468892,58.70006377037139,59.1592903137207,12582459
2021-12-22,58.91617202758789,59.45644368275044,58.4839584131806,59.45644368275044,16343983
2021-12-23,60.59100341796875,60.75308739532119,59.267349547760126,59.37540141074739,15427636
2021-12-24,59.56449508666992,61.32036249538793,59.32137222541259,61.29334953112281,17403219
2021-12-27,59.83463668823242,59.96970152259632,58.91617726594253,59.53748786976005,6689944
2021-12-28,60.67204666137695,60.7800985210932,60.07774906719487,60.104762032123936,8475690
2021-12-29,60.239830017089844,60.780095471434464,59.96969419848201,60.72606954428711,6332934
2021-12-30,59.72657775878906,60.37490131993707,59.37540301173987,60.239836487561114,8269432
2021-12-31,60.239830017089844,60.83412139858183,59.753584307021534,59.753584307021534,8717971
2022-01-03,61.02321243286133,61.21230315961474,60.15877913337723,60.23982419914199,10026562
2022-01-04,61.61750793457031,62.076734484977074,61.18529434695978,61.42841719499671,8322088
2022-01-05,63.34636306762695,63.45442110301774,61.48244388017583,61.61750869582564,21374004
2022-01-06,63.34636306762695,63.56247295553759,61.077243250355465,63.373376030756916,10795557
2022-01-07,64.02169799804688,64.39988565579634,63.18428379507393,63.5624714528234,11303518
2022-01-10,64.6700210571289,64.91313771802292,63.91364574638379,64.29183340175635,9923601
2022-01-11,64.07572174072266,65.07521986747324,63.8596180481521,65.07521986747324,8919054
2022-01-12,64.37287139892578,64.83209793491534,63.94065782488439,64.39988436087395,10748385
2022-01-13,65.45340728759766,65.6425042186807,64.21079239359182,64.64300600094728,12559629
2022-01-14,66.61497497558594,67.20927247582246,65.56145714414812,65.64249602612483,22431007
2022-01-17,66.85810852050781,67.53344501096501,66.56095972276208,67.53344501096501,14548522
2022-01-18,66.9661636352539,67.83059092264537,66.64200185676418,67.10123464963308,21395779
2022-01-19,67.58746337890625,67.85759299856853,66.45290042771263,66.77706215417805,14870110
2022-01-20,67.80358123779297,68.04670412914444,67.1822767999178,67.58747749692229,10007508
2022-01-21,65.75055694580078,67.80357315365335,65.23730443955544,66.99317185626757,14728332
2022-01-24,65.02120208740234,66.1557652719847,64.77808537969523,65.37237684807346,19665838
2022-01-25,65.61548614501953,65.75055095465306,64.45391023355913,64.94014973111052,9651480
2022-01-27,66.29083251953125,66.85811098809982,64.7240557608818,65.31834719543593,12890338
2022-01-28,67.04720306396484,68.64099281983438,66.61498941685376,66.61498941685376,14995069
2022-01-31,67.6415023803711,69.15425327443168,67.10123685372311,68.451903761779,19787082
2022-02-01,65.77757263183594,68.07371179705898,64.56197063545989,68.07371179705898,34627617
2022-02-02,67.23629760742188,67.50643344578053,66.02069560911518,66.18277340240748,14749194
2022-02-03,67.34434509277344,67.99266858954977,67.07420927197145,67.74954573254087,13117138
2022-02-04,67.07421112060547,67.72253463525027,66.83109443976713,67.47941177154065,10723602
2022-02-07,66.39888000488281,67.31733315356917,66.18277010837775,67.26330722516069,13452373
2022-02-08,65.56147003173828,66.75005908298502,64.83210758483457,66.50693620639325,23545662
2022-02-09,67.62859344482422,67.99173834853777,65.78494158833223,66.2039539551369,17581473
2022-02-10,67.0140380859375,67.85206273362023,66.84642932022855,67.6565202392299,18120168
2022-02-11,68.18727111816406,68.5224758488058,66.5112218904738,66.7626254384551,26486850
2022-02-14,65.1145248413086,67.60066552430226,64.89105496973444,67.60066552430226,16463770
2022-02-15,66.34362030029297,66.48329534677335,63.96922123357967,65.36592694303579,12978223
2022-02-16,67.87999725341797,68.27107585313583,66.62296026724356,66.62296026724356,17673190
2022-02-17,67.82413482666016,69.24877429255724,67.32132127361537,68.6342258151961,16774602
2022-02-18,67.6844482421875,68.32693673474967,67.37717725268571,67.82412326739934,7978566
2022-02-21,66.59503173828125,67.68446004186083,66.25982057040244,67.04197783091259,8595442
2022-02-22,65.42179107666016,66.28774946758506,65.08657993322647,65.36592361835801,11409610
2022-02-23,65.44972229003906,66.09221082305922,65.08657743141295,65.81286714866518,8525215
2022-02-24,61.45515060424805,64.91898454049009,61.064071960450896,64.22062844936201,19848141
2022-02-25,62.76804733276367,66.20394710639684,62.013823871814765,63.131192198910206,28048713
2022-02-28,64.2485580444336,64.91898036023652,61.79035141131758,63.01945472787559,24781798
2022-03-02,62.712181091308594,65.03071258279775,62.26523503052921,63.550205754472536,22390246
2022-03-03,64.05301666259766,65.08657738801155,63.131190849418665,64.24855275900873,28291584
2022-03-04,63.27085876464844,64.47202823827018,63.019448821380465,64.22061829500221,25005861
2022-03-07,62.712181091308594,63.66194067126219,62.12555999092137,63.66194067126219,25392553
2022-03-08,65.39385986328125,65.78493848006231,62.349038513331024,62.572508355136755,33483859
2022-03-09,65.33798217773438,66.42741027328884,64.69549369584736,66.42741027328884,23476054
2022-03-10,67.57272338867188,67.82413335655549,65.75700533340249,66.51122884343229,27592384
2022-03-11,69.10910034179688,69.50017894055959,67.26544226373817,67.48891848886859,18598243
2022-03-14,67.4889144897461,69.75157836780912,67.06990218687365,69.75157836780912,22317814
2022-03-15,66.48329162597656,67.62858730256738,66.03634556821949,67.48891865752478,16501842
2022-03-16,68.13140106201172,68.49453950634343,66.73468916317836,67.20956890707845,15176752
2022-03-17,67.79620361328125,68.66216209613387,67.09784752312729,68.382818381348,41700111
2022-03-21,65.92460632324219,68.04760176248305,65.8128714037087,68.04760176248305,18166521
2022-03-22,67.40512084960938,68.07553677304347,66.2039512611645,66.48329495887434,30929289
2022-03-23,67.99173736572266,68.7180271626513,67.40512261812412,68.07553855914799,25271163
2022-03-24,67.37718200683594,68.24314037104709,67.2375069717686,68.04759787940102,12377631
2022-03-25,66.37155151367188,67.5168536045448,66.25981659562208,67.06990753872479,12238471
2022-03-28,67.0140380859375,67.43305040977887,65.7570011144134,66.70676067682165,15342876
2022-03-29,66.09221649169922,67.76826589457497,65.924607715239,67.209578497869,14627074
2022-03-30,65.4776611328125,66.87437322026445,64.86311267348562,66.87437322026445,159640347
2022-03-31,66.45536041259766,67.57272240247705,65.92460675410291,65.92460675410291,31701618
2022-04-01,68.2152099609375,68.41074606847441,66.48329314826991,66.53916060756617,16052676
2022-04-04,68.32694244384766,68.7180210386014,67.99173130639865,68.21520752923821,14095200
2022-04-05,68.52247619628906,68.99736235434717,68.35487383011828,68.6062837729949,13071195
2022-04-06,70.42201232910156,70.61754845262594,67.88000436155632,68.41075166188672,23580340
2022-04-07,69.02529907226562,70.81308329668384,68.85769030521347,69.44431139946494,30238785
2022-04-08,70.92481231689453,71.23208970293139,69.30463060058047,69.77951034611732,21699732
2022-04-11,71.98632049560547,72.32153164262711,70.72928348948997,70.89688586619036,19137451
2022-04-12,70.42201232910156,71.9583931598501,69.94713249263526,71.76285064270432,14583673
2022-04-13,71.45557403564453,72.07012893259815,70.19853690309922,70.4220131547973,17675811
2022-04-18,71.56731414794922,71.79078400224647,70.67342194351747,71.34383790003059,17471850
2022-04-19,72.7964096069336,74.30485014018033,71.79077619114842,72.23772224473494,30183165
2022-04-20,74.52832794189453,75.03114146362367,72.99194725374694,73.18748975274322,28690066
2022-04-21,75.45014953613281,75.64568563046497,74.52832373275459,75.11493840937152,22154311
2022-04-22,75.05908203125,76.0088417025578,74.77973831878595,75.36635947559832,13678113
2022-04-25,71.37176513671875,74.2769177335528,71.17622903200318,74.19311654581756,16604310
2022-04-26,72.09806060791016,72.62880789932142,71.37177080263919,72.29359672814857,14133414
2022-04-27,71.1482925415039,72.07011835805727,69.89125559339826,71.28796118230879,14967738
2022-04-28,72.60086822509766,72.76847699377507,71.28796377295828,72.34946466251269,15773589
2022-04-29,70.3940658569336,73.41095311493527,70.1705896483015,73.41095311493527,13013304
2022-05-02,70.7572250366211,71.12036995321522,69.27671163770825,70.36614638749062,8623737
2022-05-04,70.31027221679688,71.90252039399947,69.89125987509203,70.86895320786302,8118435
2022-05-05,70.22647857666016,71.59525066840934,69.94713485428663,70.95276202503672,8015140
2022-05-06,70.53373718261719,71.37176180812797,68.49454307472489,69.83538759043853,13680673
2022-05-09,69.27669525146484,70.1985209943651,67.79618859636263,70.1985209943651,12361746
2022-05-10,68.15933990478516,70.5616725311004,67.7403275824066,69.5001780576724,15563373
2022-05-11,67.29338073730469,69.50017723749016,66.39948225230825,68.94148988516481,14615373
2022-05-12,68.2152099609375,69.27670447480821,66.79056417439934,67.29338409530745,30617643
2022-05-13,67.76827239990234,69.9750692872284,67.43306120842482,69.83540062145514,22601469
2022-05-16,68.2152099609375,69.27670447480821,67.40511901389996,69.27670447480821,12566889
2022-05-17,69.50017547607422,70.39406754479525,67.93586115900222,70.39406754479525,27391533
2022-05-18,65.95254516601562,69.50018667881871,65.78494277372224,69.27671042880607,64902469
2022-05-19,65.5055923461914,66.14808090471273,64.52789903743717,65.36592370026102,21865050
2022-05-20,65.33798217773438,66.59501902203415,64.8910361704469,66.48328411861729,24237945
2022-05-23,65.75700378417969,66.25981731447968,65.1983227942487,65.70113632454868,17487906
2022-05-24,66.31568145751953,66.81849496267272,65.47765681772401,65.7570004955294,18454173
2022-05-25,64.1368179321289,66.73469300677084,63.801606801357565,66.65089182248315,17317285
2022-05-26,63.801612854003906,64.69550502511436,62.48870832808411,64.24855893955913,23782918
2022-05-27,63.773681640625,64.55583891962637,63.21500061003319,64.4720377240808,11616970
2022-05-30,64.86310577392578,64.94690695578983,63.71780377425611,64.38822601640918,12222628
2022-05-31,64.80724334716797,65.64526801806402,64.52789965899568,64.63963457681625,19925845
2022-06-01,66.03633880615234,66.51121854429064,65.2262479606164,65.36591659135706,16686021
2022-06-02,65.72906494140625,66.62295701320978,64.80723914196014,66.39948079844868,16274652
2022-06-03,66.09221649169922,66.48329511194497,65.84080652381942,65.9525414457122,13564659
2022-06-06,65.6731948852539,66.25980953613679,65.05864011421454,66.09220717691888,12162841
2022-06-07,66.03633880615234,66.76262207962381,65.17037411470007,65.56145267439396,14801011
2022-06-08,65.92460632324219,66.5670948978016,65.7290702140586,66.28775120534695,12953038
2022-06-09,66.09221649169922,67.4330547352756,65.31005925120773,65.924607715239,32112393
2022-06-10,65.5055923461914,65.92460467760333,65.08658001477947,65.86873721923118,16173466
2022-06-13,63.466400146484375,64.97484714452669,63.15912911575951,64.97484714452669,15123129
2022-06-14,61.594810485839844,63.68987206699086,61.483075573143935,63.43846211980452,23524399
2022-06-15,61.008201599121094,62.0138286962057,60.50538165695764,62.0138286962057,14386729
2022-06-16,60.421573638916016,61.84621932474137,60.058428785541324,61.762411748100725,14897512
2022-06-17,58.214778900146484,60.33777423398994,57.85163403607027,60.33777423398994,23651413
2022-06-20,57.57229232788086,58.91313691608942,56.734267657060926,58.71759441630032,19163382
2022-06-21,59.080745697021484,59.36008941544862,57.851642287012226,58.13098600543936,14169558
2022-06-22,58.96900939941406,59.55562416152184,57.879574677075176,59.19247925407554,18641673
2022-06-23,59.94670104980469,60.11430343590526,58.745531435220286,59.220411256126454,16579252
2022-06-24,60.617122650146484,60.70092384218577,59.94670032658995,60.11430271066852,11807979
2022-06-27,61.203731536865234,61.930021252346805,60.784719223105945,61.45514148256901,17830735
2022-06-28,60.50537872314453,61.81828318930804,60.08636638740635,61.17580101777395,22631172
2022-06-29,61.34339904785156,61.48307407894754,60.33777207078661,60.67298319434839,18903900
2022-06-30,62.22333526611328,63.68987852154356,61.762419114101,61.97192529344819,34424950
2022-07-01,62.4747428894043,62.977556422204906,61.0500970872448,62.85185144059951,22029311
2022-07-04,62.30713653564453,62.60044390836654,61.42721441747849,62.60044390836654,12798384
2022-07-05,61.67861557006836,62.43283906569355,61.51101319042763,62.43283906569355,17464685
2022-07-06,60.8405876159668,62.51663689681228,60.54728027054296,62.013823391282756,21856830
2022-07-07,60.92438507080078,61.42720493916256,60.46347538296278,61.42720493916256,17846046
2022-07-08,60.92438507080078,61.385301152259004,60.50537277624611,61.17579500498167,11692575
2022-07-11,60.7986946105957,61.05009818470485,60.379682260126046,60.924393200839745,11548617
2022-07-12,59.20643615722656,60.7567803070267,58.99693001823682,60.714876521780766,16729806
2022-07-13,58.9969367980957,59.457846520668376,58.87123182153199,59.206442961161656,13704386
2022-07-14,59.290245056152344,59.4997512224285,58.82932893289648,58.99693770208989,8917897
2022-07-15,58.955039978027344,59.58355854153216,58.66173259378272,59.24834736227197,7310057
2022-07-18,59.625457763671875,59.70925895365457,58.955035456568424,59.24834281831832,6697658
2022-07-19,60.33777618408203,60.4634811631897,59.499751514858666,59.709257682164505,7585011
2022-07-20,60.63108444213867,61.259602953412305,60.50537946115976,61.17580176396667,10590222
2022-07-21,60.7986946105957,60.966296993335135,59.79306113329588,60.63108583423519,9537111
2022-07-22,60.46348190307617,61.13389781048618,60.33777692243026,61.09200041268482,8740051
2022-07-25,60.421573638916016,60.63107979327677,59.70925399281356,60.50537482193623,10124538
2022-07-26,60.04446792602539,60.46348025433873,59.876859158527616,60.4215764640591,8202210
2022-07-27,60.421573638916016,60.589182398576874,59.83495896415409,60.12826630153506,8726504
2022-07-28,60.37968826293945,60.882501854767426,60.25398326657703,60.37968826293945,11715079
2022-07-29,61.1338996887207,61.38530965773667,60.547284952511596,60.756791128817866,16983013
2022-08-01,59.58354949951172,60.75678525206887,59.33214594843407,60.75678525206887,30168751
2022-08-02,60.295867919921875,60.4215728897037,59.709253252433825,59.83495822221565,15655719
2022-08-03,59.499755859375,60.672991760678485,59.290249676771566,60.58919056636137,18893830
2022-08-04,59.6673583984375,60.00256957017236,59.122647437192335,59.91876837564397,25024630
2022-08-05,61.25960159301758,61.42721036180767,59.41594989167202,59.87685962019802,48935830
2022-08-08,61.4691047668457,61.804315894489065,60.67298393311064,61.259598611271166,16091607
2022-08-10,60.75679016113281,61.76241723393765,60.672988970669245,61.72051983551636,29085499
2022-08-11,61.49349594116211,61.840183654567326,61.19014667162685,61.840183654567326,16670568
2022-08-12,62.01353073120117,62.14353283759378,61.36349374916559,61.49349585555821,12294928
2022-08-16,63.40027618408203,63.48694646084233,61.75351447556336,62.1868724718831,26772067
2022-08-17,63.57361602783203,63.963642187676285,63.443607307883944,63.53028419619479,18542371
2022-08-18,62.966922760009766,63.83363881558452,62.79357558138358,63.70363008474456,18850835
2022-08-19,62.53356170654297,63.05358999222256,62.23021242427307,62.966919713362365,13357442
2022-08-22,61.796852111816406,62.533559373419195,61.450164396792104,62.49022092934684,13714233
2022-08-23,61.580169677734375,62.05685947332011,61.32015225285649,61.363490694508734,11581331
2022-08-24,61.146812438964844,61.926851497845824,60.8867950109926,61.75351095420958,19584234
2022-08-25,61.926856994628906,62.360215004703335,61.363496871546914,61.45016715105811,13090152
2022-08-26,62.31687927246094,62.66356698133427,62.143532111765246,62.273540829157504,10546886
2022-08-29,61.580169677734375,61.926850760881166,60.9734645571919,61.66683994852107,14387511
2022-08-30,61.97018814086914,62.27353738968454,61.840179430657486,61.92684969995936,14284488
2022-09-01,61.66684341430664,61.97019268536775,61.36349414324554,61.53683469456098,17854146
2022-09-02,61.796852111816406,62.01353110714182,61.40682595271975,61.92685421899712,13349456
2022-09-05,61.49349594116211,62.10020109275077,61.406825665940346,61.97019237365905,11658725
2022-09-06,61.27682113647461,61.7101791547312,61.190150855327005,61.66684732041669,10545363
2022-09-07,61.88352584838867,62.01353457535852,61.27682066003554,61.3634975530278,19254652
2022-09-08,63.313602447509766,63.92030096419668,62.23020751591321,62.31687778793735,24401527
2022-09-09,62.88025665283203,63.616964026491544,62.70690946269386,63.530293737682044,9906299
2022-09-12,62.966922760009766,63.226933609170956,62.36021755359619,63.14026332611722,21463828
2022-09-13,62.6202278137207,63.35693505373147,62.40354882474589,63.31360322344729,11555561
2022-09-14,62.23020553588867,62.62022505384673,62.056858384838,62.36020763352957,9024753
2022-09-15,62.01353073120117,62.5768908256175,61.796851737189314,62.40355027541526,9985561
2022-09-16,60.626773834228516,62.14352664107143,60.23675432890447,62.01352454764173,25993505
2022-09-19,60.36677169799805,61.016808708502296,60.3234332522904,60.88679998389777,13595148
2022-09-20,59.89007568359375,60.8001301499673,59.84674385008739,60.6701214244113,20693245
2022-09-21,59.32670974731445,60.063423664553156,59.11003073930743,60.063423664553156,24710729
2022-09-22,58.763343811035156,59.153363341908715,58.50332638210752,59.110024899581475,15775504
2022-09-23,58.45998764038086,58.893345611362236,58.24330865489017,58.763343510082116,13578280
2022-09-26,57.2465934753418,58.416658733019105,57.11658475504027,58.24331156844434,19194238
2022-09-27,57.853294372558594,58.15664365725184,57.289927636689164,57.54994508786535,14140070
2022-09-28,56.986576080322266,57.54994279373404,56.81323552812705,57.54994279373404,15974881
2022-09-29,57.116580963134766,58.32998458452881,56.50987584617886,57.289921503683445,24560255
2022-09-30,58.02663040161133,58.24330938983619,56.769894914914296,57.15991444871187,16041026
2022-10-03,57.80995559692383,58.980027508027135,57.679953484595394,58.28665205052283,13288633
2022-10-04,58.32999038696289,58.93668895175298,58.15664321665256,58.93668895175298,10513995
2022-10-06,58.72001266479492,59.0233619612237,58.373324920654014,58.89335323060602,13000167
2022-10-07,58.45998764038086,58.80667533966954,58.11330655361005,58.63333479628413,14879891
2022-10-10,58.546669006347656,58.67667111757946,57.93996383301964,58.06997255676981,9042660
2022-10-11,57.15991973876953,58.6766727967166,57.02991762381749,58.6766727967166,14905741
2022-10-12,58.28664779663086,58.80667604554702,57.15991441354754,57.20325285617304,14459865
2022-10-13,57.939964294433594,58.72001003062828,57.59327656584502,58.32999046879015,9890714
2022-10-14,57.4632682800293,58.93668270258688,57.376591397805434,58.93668270258688,10119406
2022-10-17,57.2465934753418,57.80995357578473,56.81323548268219,57.63661302372817,10841451
2022-10-18,57.80995559692383,57.896632488500686,57.28992731005482,57.54994475974854,8153819
2022-10-19,58.069969177246094,58.28664816671343,57.59327275541076,57.896628630679416,7157066
2022-10-20,58.80667495727539,59.11002421248623,57.67994820756114,57.76661847869026,19426605
2022-10-21,58.50332260131836,58.980018986039795,58.243305189194395,58.41665233478286,9542021
2022-10-24,58.98002624511719,59.326707353927596,58.893349355396296,59.153366799522395,3745316
2022-10-25,58.850013732910156,59.15336298984167,58.24330860652927,58.80667529084086,12609170
2022-10-27,59.19670867919922,59.370049243662294,58.80668249037928,58.85002093775439,10404151
2022-10-28,59.32670974731445,59.976746771335506,58.98002862451806,59.370048193923274,9586976
2022-10-31,59.15336608886719,59.63006252653201,59.023357368366035,59.3700450855297,10549071
2022-11-01,59.37004470825195,59.500053427926936,59.066695437355754,59.283374432641345,7840600
2022-11-02,59.45671081542969,59.84673694711042,59.240031835335174,59.4133789869214,6785578
2022-11-03,59.543392181396484,59.933418385762025,59.370051610024426,59.370051610024426,6466688
2022-11-04,59.37004470825195,59.803402698823135,59.196704157030744,59.500053427926936,8971834
2022-11-07,60.75679016113281,60.930137328311794,59.5433864409531,59.673395163207765,13032194
2022-11-09,60.28010559082031,61.10348321610064,60.15009685721845,60.97347448249878,10410493
2022-11-10,60.32343292236328,60.540111924679614,60.15009236551757,60.193424198469806,5974147
2022-11-11,60.45343780517578,60.670116793724794,60.150088543710744,60.62677835100781,8792244
2022-11-14,60.193416595458984,60.80012169282302,59.673388378088056,60.670112985350904,10222979
2022-11-15,60.32343292236328,60.49678009172738,59.93341336320124,60.49678009172738,6477425
2022-11-16,60.06342315673828,60.4101042766036,59.846744150563204,60.366772442879686,5638631
2022-11-17,59.89007568359375,60.41010397329929,59.803405404062566,60.19342496821211,5264089
2022-11-18,60.02008056640625,60.23675955762071,59.58672258397732,60.10675084038842,6231903
2022-11-21,60.71345520019531,61.01680446147924,59.93340951938095,60.106750065109495,14820946
2022-11-22,60.67012405395508,60.843464620530305,60.19342757709507,60.71346250185826,13456815
2022-11-23,60.58345031738281,60.93013804329066,60.4101031481697,60.713459041163055,7949141
2022-11-24,62.446895599365234,63.01025575585025,60.80013374093808,60.80013374093808,29444796
2022-11-25,63.57361602783203,64.09364429510619,62.10020150180221,62.57689132492095,22422462
2022-11-28,66.04375457763672,66.26043357114933,64.05031180483157,64.05031180483157,40695313
2022-11-29,65.26371765136719,66.47711476518923,65.00370020553771,66.26043576450411,17421133
2022-11-30,66.43378448486328,66.73713377040688,64.52700526676914,64.57034371292615,29122442
2022-12-01,66.04375457763672,66.86713872049552,65.87041402783387,66.73713000188432,15072561
2022-12-02,66.73712921142578,66.91046975917551,65.87041324764103,66.04375379539076,18220281
2022-12-05,66.78047180175781,67.34383192318872,66.47711590558,66.78047180175781,10947250
2022-12-06,65.69707489013672,67.08381915592076,65.56706616873109,66.73713143634518,10369691
2022-12-07,66.47711181640625,67.430504667145,66.00042200355492,66.5204502596282,20909569
2022-12-08,66.52045440673828,67.17049142048491,66.30377540215606,67.12715297456108,11996025
2022-12-09,66.73712921142578,67.90719444003159,66.47711177728314,67.17048719331815,24702723
2022-12-12,68.38389587402344,68.51390460061748,66.56379353926236,66.73713409970874,20455051
2022-12-13,67.38716888427734,68.68724288204476,67.12715143971654,68.64390443711186,16409283
2022-12-14,67.73385620117188,68.21054602999192,67.21382792767808,67.5171772028396,16268873
2022-12-15,67.69051361083984,68.03720130944248,67.43050279627626,67.73385205285936,9555282
2022-12-16,66.69378662109375,68.42721844087545,66.43377581563706,67.8205199489589,18672807
2022-12-19,67.56050872802734,67.73385589341649,66.39044346485304,66.91047173598403,12681354
2022-12-20,67.43051147460938,67.73386077023366,66.7804744357636,67.56051359236356,9368946
2022-12-21,66.21710205078125,67.73385501248919,66.00042305625155,67.43050574265122,8618706
2022-12-22,65.09036254882812,66.52044510152733,64.7003430401454,66.21709586004992,15215404
2022-12-23,63.270267486572266,65.09036974929877,63.09692693298622,64.65701175281541,15286836
2022-12-26,64.48367309570312,64.65701365438714,62.70690261285893,63.27026934735966,9571856
2022-12-27,65.09036254882812,65.17703281603345,64.4403256260119,64.91702201441747,5815217
2022-12-28,64.83036041259766,65.13370969462147,64.52700451805543,64.8736922457334,6599386
2022-12-29,64.78702545166016,65.1337131979855,64.22365869044631,64.83036389964536,10191269
2022-12-30,66.30377197265625,67.17048794615502,65.1770385621006,65.1770385621006,15567911
2023-01-02,67.60384368896484,68.08054010357368,66.2604313296257,66.73712774423453,16878293
2023-01-03,68.0372085571289,68.38389629266257,67.34383308606157,67.60385054084146,11509540
2023-01-04,67.69051361083984,68.90391724969015,67.08381509767361,68.38388900804513,11974831
2023-01-05,68.55723571777344,68.68724444300838,67.9071987041172,68.25388643390423,14449439
2023-01-06,69.380615234375,70.03065220429413,68.47056083148102,68.73057826445587,19075518
2023-01-09,69.4239501953125,70.20399591689275,69.03393064078153,70.073987194543,16438468
2023-01-10,69.85730743408203,70.03065459950012,69.07726172099616,69.81397560211617,11953196
2023-01-11,72.41412353515625,72.8474815297113,69.85730739977052,70.07398639704805,44099830
2023-01-12,70.7240219116211,72.71747128994312,70.3773342007149,72.58746257178854,16440461
2023-01-13,71.33072662353516,71.4607287283783,70.29066349716365,70.68068964924723,8018070
2023-01-16,71.28739166259766,71.67741122121546,70.8540336585697,71.46073221920149,9367702
2023-01-17,70.7240219116211,71.67740815722455,70.20399365152085,71.33072705883644,8776414
2023-01-18,71.20072174072266,71.85075875001863,70.4206760070638,70.59401656453537,7980164
2023-01-19,72.15409851074219,72.28410721794974,70.98403337090933,71.20071234541606,9857262
2023-01-20,71.85076141357422,72.4141281650188,71.72075268439183,72.11077225942034,9411562
2023-01-23,72.32744598388672,72.45745470356631,71.59073872239323,72.0674351570457,6972772
2023-01-24,72.06743621826172,72.63080293682361,71.67741005347968,72.63080293682361,7069973
2023-01-25,71.50407409667969,72.28411986387448,71.33073353175581,71.85076183904611,8188678
2023-01-27,70.20398712158203,71.98075734188832,69.33727123119213,71.54739939669336,10838959
2023-01-30,70.85403442382812,71.50407143689077,69.68396912281905,70.20399741076548,10783051
2023-01-31,70.85403442382812,72.19744689583163,70.3340061358817,71.50407143689077,21752061
2023-02-01,69.1639404296875,71.02737456620238,67.9071982442844,70.81069556311755,20031377
2023-02-02,68.0805435180664,69.33727905594819,67.73385580028302,68.99059133816479,10817457
2023-02-03,67.99386596679688,68.38389212519766,66.65046016568704,68.38389212519766,11116563
2023-02-06,68.68724060058594,68.99058986748554,67.69051591290032,68.03720362329332,9507602
2023-02-07,68.51390075683594,69.12059929687966,68.16721304287461,68.68724130755753,6876198
2023-02-08,68.68724060058594,68.81724931854808,67.86386307435586,68.47056160815507,6093832
2023-02-09,68.99059295654297,69.9439792434231,68.3838943955788,68.643905230627,8609974
2023-02-10,69.1639404296875,69.72730054769336,68.90392298097834,69.03393170533292,6286269
2023-02-13,68.9039306640625,69.55396774579893,68.68725163681702,69.33728871855345,6470826
2023-02-14,68.60057067871094,69.20726921562846,68.16721269162183,68.86058150345355,5013825
2023-02-15,68.9039306640625,69.12060969130798,67.99387610462382,67.99387610462382,3686045
2023-02-16,69.1639404296875,69.38061943277233,68.64390553226917,69.20727226279342,8603036
2023-02-17,69.81397247314453,70.24733044848989,68.99058835247759,69.25060578269198,9145422
2023-02-20,68.94725799560547,70.160655062484,68.73057900330315,69.94397607018168,6867570
2023-02-21,68.6438980102539,69.55395236849361,68.4705574717881,69.3372733891525,4633296
2023-02-22,66.99714660644531,68.29722055136325,66.82379944627877,68.16721183436785,9878001
2023-02-23,66.91046905517578,67.51717419095247,66.52044952058345,67.34382703250857,6290065
2023-02-24,67.04048156738281,67.30049901351447,66.82380256644588,67.17049029044864,6103178
2023-02-27,66.60712432861328,67.08382078114327,66.04375759721921,67.04048233545204,6945215
2023-02-28,65.91374969482422,66.7804656323629,65.69707071043955,66.65045691922853,10000095
2023-03-01,66.69378662109375,66.91046559856646,65.74040044271734,65.8704091517045,6694749
2023-03-02,67.51717376708984,67.73385275439597,66.56378754544652,66.73712809028423,5273986
2023-03-03,67.77718353271484,67.99386251665898,67.3438255648266,67.73385170343671,5522499
2023-03-06,68.68724060058594,69.16393702894108,67.64718408192499,67.86386307435586,8582554
2023-03-08,68.6438980102539,68.7739067203621,68.0371995131059,68.253878492447,5969771
2023-03-09,68.2105484008789,68.86058541846995,68.0805462873755,68.73058330496653,6135751
2023-03-10,68.38389587402344,68.68724516106387,67.17049211334322,68.03720814061217,6305111
2023-03-13,67.43051147460938,68.38389780907944,67.30050274433648,68.03721006585795,7151999
2023-03-14,67.34383392333984,67.69052166318384,66.9538143488395,67.47384265234618,8316642
2023-03-15,68.1238784790039,68.51390465911908,67.60385018470221,67.82052919170447,8183051
2023-03-16,69.2506103515625,69.72730018838168,68.2538856200048,68.47056462197305,27348566
2023-03-17,68.73058319091797,70.0739890575325,68.34055701349945,69.85731005202837,22904016
2023-03-20,69.85730743408203,69.94397771053197,68.21054573146036,68.64390372622826,18090005
2023-03-21,68.94725799560547,70.3340022238367,68.73057900330315,70.03065295711707,9942587
2023-03-22,68.99059295654297,69.29394223702505,68.5572349522776,69.16394012576013,8162089
2023-03-23,68.4705581665039,68.99058639969532,68.29721762627935,68.77390741815576,7065528
2023-03-24,67.9505386352539,68.6439074974647,67.60385089788922,68.34055820696506,10269895
2023-03-27,66.82379913330078,67.95053252529301,66.52044987007764,67.60384481910171,4845906
2023-03-28,66.65045166015625,67.08380959473136,65.65372708813003,66.65045166015625,7446988
2023-03-29,66.65045166015625,67.21381829760736,66.4337726928687,66.60711322169182,9921198
2023-03-31,67.51717376708984,67.90719329923368,66.91046863512196,66.99714552005875,9748505
2023-04-03,67.17048645019531,67.82052341584236,66.65045820018126,66.95380746164629,11416090
2023-04-05,66.86713409423828,67.82052027722935,66.73712538462185,67.6471797394192,6867318
2023-04-06,67.34383392333984,67.47384265234618,66.65046505617049,66.86714406700816,5063531
2023-04-10,67.43051147460938,67.77719260531217,67.0838237313879,67.34383457941497,5706517
2023-04-11,67.51717376708984,67.69051431192757,67.30049477978373,67.43050349467099,2998570
2023-04-12,67.60384368896484,67.77718423290375,67.21382415884335,67.51717341699539,4182972
2023-04-13,66.91046905517578,67.73385317961886,66.73712850924986,67.60384446391544,6411454
2023-04-17,66.95381164550781,67.12715220217169,66.56379208675493,66.91047320008266,7736935
2023-04-18,67.60384368896484,67.6905139609343,66.91046828817343,66.91046828817343,5096362
2023-04-19,68.0805435180664,68.25388407069899,67.34382963808238,67.56050863513222,7940271
2023-04-20,67.77718353271484,68.55722919741726,67.69051326164076,68.38388865526909,7789377
2023-04-21,67.82052612304688,68.25388411744335,67.47383840502606,68.25388411744335,5001767
2023-04-24,67.82052612304688,68.12387539662076,67.5605086814017,67.8638645674938,7060879
2023-04-25,67.99386596679688,68.34055368120264,67.64718486490928,67.82052541585308,4656411
2023-04-26,67.99386596679688,68.34055368120264,67.73385514038118,67.90719569132497,5090493
2023-04-27,69.72730255126953,69.98732000745017,68.08054737052088,68.08054737052088,17036886
2023-04-28,70.5506820678711,70.68069078732564,69.68396608819828,70.16065590950744,11996476
2023-05-02,71.20072174072266,71.67741158002866,70.55068473142668,70.85403401326113,11768608
2023-05-03,71.67741394042969,72.45745969977614,71.4607349301956,71.4607349301956,12067736
2023-05-04,72.19744110107422,73.23749759348938,71.85075339942985,72.02409394399308,15811123
2023-05-05,71.76408386230469,72.32744394416522,71.41739615710883,72.19744184067001,5895640
2023-05-08,72.15409851074219,72.32743904534055,71.4173913199228,71.93741953623545,6051050
2023-05-09,72.80413818359375,73.06415560782798,72.37078021821522,72.58745920090448,7286472
2023-05-10,73.02082061767578,73.32416988527527,72.6741329064829,73.23749961060656,7349573
2023-05-11,72.76081085205078,73.19416888359967,72.63080873260115,73.06416676415003,4455253
2023-05-12,72.41412353515625,72.93415180611866,72.2407763698233,72.67413436437835,4700410
2023-05-15,72.97748565673828,73.28084155133271,72.41412553824784,72.63080454151905,7167177
2023-05-16,75.404296875,75.96766363392616,73.67086476293103,74.01755250784858,44298431
2023-05-17,75.88098907470703,76.79103691474809,75.66431007290892,76.09766807650514,20861152
2023-05-18,74.53758239746094,76.05433552764184,74.36424182759067,75.92432679397969,16119484
2023-05-19,74.5809097290039,74.75425027303567,73.49751479751063,74.53757128673702,11201198
2023-05-22,75.53429412841797,75.66430283957197,73.93087099089924,74.58090793415151,9226502
2023-05-23,77.13772583007812,77.91777157108822,75.18761478381211,75.79431335319859,27392800
2023-05-24,77.70108795166016,77.91776694393332,76.92104225697315,77.22439152365197,19866440
2023-05-25,77.26773071289062,77.87442925210402,76.79103428028142,77.87442925210402,9684940
2023-05-26,78.17778778076172,78.26446467878769,77.13773112963932,77.31107170065341,9846321
2023-05-29,78.04778289794922,78.39446402771412,77.48441614330319,78.26446191031162,6891927
2023-05-30,78.26445007324219,78.8278101301644,77.83109211406037,78.00443265272602,9269698
2023-05-31,78.00444030761719,79.21784403490601,77.61442075108643,78.35112803148805,17157711
2023-06-01,78.43778991699219,79.00115658144097,77.91776169308471,78.43778991699219,11770478
2023-06-02,77.83110046386719,78.78448675384398,77.74442357271788,78.43779902680194,7123634
2023-06-05,77.35440063476562,78.00443761488971,76.83437237316998,77.91776734004345,9227005
2023-06-06,77.48440551757812,77.83109321231915,77.00770911074449,77.48440551757812,5740801
2023-06-07,78.74114990234375,78.95782890956677,77.57108458584311,77.61442303229514,11403972
2023-06-08,78.04778289794922,78.74115176999773,77.74442699062688,78.6544814875565,10809055
2023-06-09,78.26445007324219,79.43451524052954,78.1344413629841,78.17777319139168,9921823
2023-06-12,79.60786437988281,79.7378731041868,78.17778163757578,78.61113964357679,10813997
2023-06-13,79.65119934082031,80.69125586471384,79.47785217849265,80.47457687119284,19796495
2023-06-14,80.7345962524414,81.03794552817155,79.737871535741,79.91121208972443,19246845
2023-06-15,80.5179214477539,81.21129031232239,80.25790399071658,80.86460918629746,8742159
2023-06-16,79.86787414550781,80.7779219030558,79.65119516335099,80.60458136233746,15146569
2023-06-19,79.65119934082031,80.47457687119284,79.43452034729933,79.86787833434131,6800507
2023-06-20,79.65119934082031,80.25789787767185,79.13117107887356,79.65119934082031,9394894
2023-06-21,79.73787689208984,80.47458421478476,79.4778594311299,79.69453844442361,9499893
2023-06-22,79.73787689208984,80.47458421478476,79.52119787879613,79.73787689208984,9694937
2023-06-23,77.39773559570312,80.08455367014422,77.00770945766821,79.99788339919795,18134295
2023-06-26,77.61441802978516,77.96109912898241,76.87770416269572,77.39773903652782,10963542
2023-06-27,77.44107055664062,78.43779524412484,77.0510510153511,77.78775826696358,10668117
2023-06-28,78.56781005859375,79.00116807699469,77.13772727536694,77.74442585612081,14388441
2023-06-30,79.13117218017578,79.6945322811564,78.56780546667696,78.82781629500997,12595671
2023-07-03,82.55469512939453,83.29140237235009,79.13116973491503,79.39118055521335,32972732
2023-07-04,82.03466796875,83.55142091783537,81.77465053247099,83.2047332069694,11918401
2023-07-05,82.77136993408203,82.94471047218299,80.95126783395129,82.46802068614652,14283796
2023-07-06,85.45819854736328,85.63154571947857,83.20473821001248,83.20473821001248,32778334
2023-07-07,85.97823333740234,87.75500396390127,85.63155219200459,86.19491235953544,37546405
2023-07-10,84.41814422607422,87.92834024582648,84.15812676719538,87.53832067002689,24042759
2023-07-11,85.02484130859375,85.7182167783196,83.98478471652352,84.76483046683546,17508261
2023-07-12,84.85149383544922,86.10822933287072,84.67814667587928,85.1548430990491,14979586
2023-07-13,83.3780746459961,85.54486459638599,83.20473409497217,85.2848537698501,11491737
2023-07-14,83.7247543334961,84.63480867041615,83.03138558335858,83.6380840662936,24048036
2023-07-17,84.37480163574219,84.8514980827735,83.98478207909353,84.41814008093351,19126927
2023-07-18,84.59148406982422,85.28485954591632,84.24479633177818,84.9815102548205,9527821
2023-07-19,85.15483856201172,85.84821393831251,84.67814216424021,84.93815958348243,15283446
2023-07-20,85.58820343017578,86.06489986643973,85.3281859899376,85.54486498596334,8940131
2023-07-21,86.10823059082031,86.54158857729904,85.45819361110222,85.67487260434159,18598910
2023-07-24,86.54158782958984,87.278295077735,86.23823856417926,86.49825599882722,19073238
2023-07-25,85.80488586425781,86.88828088779643,85.54486841360117,86.62826343713978,11983867
2023-07-26,86.32490539550781,86.84493363154648,85.67486844733001,86.54158437823374,14912431
2023-07-27,85.45819854736328,87.06162186744837,85.0248405358528,87.01829003380841,16349608
2023-07-28,85.14532470703125,86.35210747273243,84.2514105368787,85.99454044066663,27278447
2023-07-31,83.80445861816406,85.99454574204236,83.13402294921875,85.815765625,25418124
2023-08-01,84.02793884277344,84.6983745250296,83.40220160067746,83.84915872218157,16132927
2023-08-02,83.89384460449219,84.60897867799775,83.13401891390751,84.38550013253027,16780965
2023-08-03,83.58097076416016,84.20670792422466,83.2681021841279,83.93853777849282,8703991
2023-08-04,82.5082778930664,83.93853915380805,82.28479935794978,83.62567056864951,10743670
2023-08-07,82.99993133544922,83.1340198282092,82.24010563650803,82.64236429476394,6947500
2023-08-08,82.55297088623047,83.53627509315434,82.19540386006986,83.13401645123851,14652588
2023-08-09,83.93854522705078,84.07263372182724,82.41888698629106,82.64236553757712,9339961
2023-08-10,83.89384460449219,84.29611007834806,83.5809760048425,83.93854304159528,6480305
2023-08-11,83.58097076416016,84.29610479282549,83.44688228128247,84.0279278270701,9294868
2023-08-14,82.77645111083984,83.6256736677689,81.79314688389074,83.58097523107962,6762888
2023-08-16,83.4021987915039,83.53628046741942,82.28480602537992,82.77645475045995,7026509
2023-08-17,82.46358489990234,83.58097764922351,82.2401063500381,83.40219753734176,6856243
2023-08-18,81.7037582397461,82.55297399129834,81.43558125503274,82.37419388150546,7603578
2023-08-21,82.2401123046875,82.37420080831963,81.12271947446077,81.61437504777037,7450923
2023-08-22,82.10601806640625,82.59767360537644,81.92723795406661,82.59767360537644,5274379
2023-08-23,81.61436462402344,82.24010180102172,81.52496775300334,82.10601331451531,6805550
2023-08-24,82.46358489990234,83.35749909935927,81.83784768829213,81.97192936219139,9936618
2023-08-25,82.06132507324219,83.31279947869712,81.9272365812223,82.19540674523806,7021529
2023-08-28,82.15071105957031,82.68705818106437,81.97192413905651,82.46357964543988,6866040
2023-08-29,82.15071105957031,82.59766813081932,81.88253408881145,82.28479954494975,6510089
2023-08-30,81.12271118164062,81.79314681124096,80.98862269171578,81.79314681124096,10926964
2023-08-31,79.64775848388672,81.83785249315545,79.51366998209075,81.12271836359331,15918998
2023-09-01,79.60306549072266,80.45228128741337,79.33488849175485,79.87123566966606,14735373
2023-09-04,80.49697875976562,80.89923743335824,79.8265430904284,79.8265430904284,13063008
2023-09-05,81.6590576171875,81.97192621096508,80.80984188835924,80.94393037712787,12849665
2023-09-06,81.6590576171875,81.97192621096508,80.89923194086371,81.74844766969197,8805552
2023-09-07,81.971923828125,82.15071074796064,81.39088509372421,81.7484452933482,7697172
2023-09-08,84.02793884277344,84.87715464562149,81.83785167541305,82.41889047734885,29294769
2023-09-11,85.10063171386719,85.81576582374143,84.11732742780835,85.36880871007611,23997873
2023-09-12,81.83784484863281,85.72637011733924,81.65905792293061,85.72637011733924,21373206
2023-09-13,83.2234115600586,83.5809786079477,81.65906169306493,82.15071723641546,11716054
2023-09-14,84.60897827148438,85.01123692338358,83.26810700512178,83.67036565702098,16430876
2023-09-15,82.1954116821289,84.51959416333997,82.01663156204702,84.34080722323367,35184771
2023-09-18,82.77645111083984,83.49158517772496,82.06132386397864,82.95523803757307,17302409
2023-09-20,82.10601806640625,83.08932232432251,81.70375940363,82.64236522344929,18228395
2023-09-21,82.91053771972656,83.26810474505628,82.06132200208927,82.15071205341576,15173388
2023-09-22,82.46358489990234,83.44688915530016,82.2401063500381,82.9552404376133,10983768
2023-09-25,82.1954116821289,82.77645730243168,82.0613300020797,82.68706724239073,10885789
2023-09-26,82.2401123046875,82.95524644404244,82.15072224227428,82.41889242951393,8786944
2023-09-27,80.80984497070312,82.5976733690814,80.54166798293674,82.28480476337002,17576586
2023-09-28,80.27349853515625,81.70375990268187,80.00532154498462,81.16741274236279,17116633
2023-09-29,81.3014907836914,81.48027770915641,80.67575359462354,80.98862218915747,7353379
2023-10-03,80.45227813720703,81.7037593833462,80.27349802491177,81.7037593833462,12491467
2023-10-04,79.64775848388672,80.58637117643396,79.29019141910564,80.452282674638,10554372
2023-10-05,80.139404296875,81.1227084903288,79.73713884044594,80.8545315193761,9293183
2023-10-06,80.22879791259766,80.4522764583152,79.8712308754448,80.4522764583152,8500414
2023-10-09,78.17279052734375,79.20079317486659,77.77053188354185,79.0667046869247,10345543
2023-10-10,78.9773178100586,79.15610474117675,78.03871199677857,78.17279367008709,9460129
2023-10-11,80.1841049194336,80.67576048140205,79.24549905570896,79.5583676769505,12124613
2023-10-12,80.72045135498047,81.07801156286828,80.31818589107098,80.31818589107098,9922340
2023-10-13,81.21210479736328,81.56967184617326,80.49697751976751,80.72045607277073,12881848
2023-10-16,81.25680541992188,81.48028397893154,80.63106136268016,81.34619547952086,8631278
2023-10-17,82.10601806640625,82.50828354920662,81.12271380848998,81.3461923589266,13355267
2023-10-18,81.12271118164062,82.68706098404141,80.89923263844051,82.68706098404141,11466227
2023-10-19,81.0333251953125,81.25680374972869,80.5416696475872,80.58636808648014,6724121
2023-10-20,80.72045135498047,81.2121000508381,80.00531729915726,80.94392989492225,8772287
2023-10-23,78.6197509765625,80.72045479762718,78.35158080920945,80.72045479762718,9592121
2023-10-25,78.30687713623047,79.7371383932346,77.59174991774022,79.0667027896367,9057651
2023-10-26,77.0553970336914,78.48566513029881,76.42965985644346,78.26218659270687,10108394
2023-10-27,77.68114471435547,78.21749186600324,77.36827611089626,77.36827611089626,6454064
2023-10-30,78.88792419433594,79.200792784643,77.54705296157103,78.17279014218515,10175983
2023-10-31,80.1841049194336,80.45228192051175,78.35158481214772,79.5583676769505,29025469
2023-11-01,82.64236450195312,83.134020036631,80.85453611406858,82.24010584268873,54027867
2023-11-02,84.96654510498047,86.26271793138024,83.40219529793471,83.89384400242045,63995437
2023-11-03,85.72637176513672,86.48619745891047,85.27941467232581,86.26271891250501,34490201
2023-11-06,88.49750518798828,89.83837647871538,86.35210975882012,86.70967680035216,63500708
2023-11-07,93.01177215576172,93.23525069835603,88.27402432475277,89.39141703772432,79534919
2023-11-08,92.47541809082031,95.55942606707787,92.11785787910107,94.21855481305907,69412828
2023-11-09,92.02845764160156,93.414027281441,91.62619900811198,93.05646026277047,32091128
2023-11-10,92.12242889404297,92.87406090952918,91.51172295334871,91.93451551404955,28403392
2023-11-13,93.0149917602539,93.24987810308284,91.65265383911108,92.35731286759786,23502134
2023-11-15,95.55176544189453,95.83363193249043,93.15592894447984,93.95454111028474,35721107
2023-11-16,97.80667114257812,98.79319664389703,95.55176083110796,95.83362730810258,43421272
2023-11-17,96.49130249023438,99.87367141158965,95.36385096189062,98.65225961574892,50796419
2023-11-20,96.63224029541016,97.66573877331825,95.83362816103401,96.77317353516179,16980763
2023-11-21,94.9410629272461,96.9610797471839,94.75314955151448,96.77317353961463,20429383
2023-11-22,95.12896728515625,96.4913051839504,94.2833750312113,94.89408094618055,16652996
2023-11-23,97.52481079101562,97.90062319877393,94.65919458880431,95.83362628345449,18589035
2023-11-24,97.19596099853516,98.93412558421727,96.77316846957365,97.80666689338331,26009963
2023-11-28,101.65880584716797,102.03462542761903,97.80667127590971,98.37039706250516,61127565
2023-11-29,101.98765563964844,103.11510724798785,100.95414996914771,102.12858171456898,36828919
2023-11-30,104.99419403076172,105.6988530511024,100.62530667101703,101.98765174457303,46269884
2023-12-01,104.52442169189453,107.06119130614078,103.91371577197236,106.02769283989832,24131009
2023-12-04,108.89330291748047,111.00727986604525,106.26257318089067,107.57793804918558,50645500
2023-12-05,110.58448028564453,112.74543736915135,108.61143656531675,112.74543736915135,47272168
2023-12-06,112.0877685546875,112.69846732725577,110.30263086953696,111.61799585691959,31094949
2023-12-07,114.01383209228516,115.09431072867666,112.32265468451638,113.02731372979399,38173544
2023-12-08,111.61798858642578,115.0473233222239,110.25564355074081,114.76546402282023,22610433
2023-12-11,110.3965835571289,113.68499242904339,109.55099127071841,112.65149393150276,28917089
2023-12-12,110.44356536865234,111.71195023341942,109.83285942097557,110.86635793418716,15735665
2023-12-13,112.4166030883789,112.60450929199534,110.91333195496082,111.3361244971789,23660687
2023-12-14,112.83939361572266,113.21521318440705,112.13473461250021,113.21521318440705,20038925
2023-12-15,116.31571960449219,117.3961910448235,112.41660488766512,113.0273108114365,43200717
2023-12-18,116.83246612548828,118.19481122220978,115.75198750896085,116.92641922949885,19345644
2023-12-19,117.16130065917969,118.3357323304552,116.69152799066948,117.44316712755064,22074723
2023-12-20,112.79242706298828,118.75853886253232,111.80590153511929,118.0068996824262,27660494
2023-12-21,116.64456176757812,116.97340122091205,110.25565023925128,110.86635617724998,20805929
2023-12-22,116.22175598144531,117.4431677937653,114.71848486731753,116.73850878700271,12915880
2023-12-26,120.30878448486328,120.73157702351736,116.127803392101,116.40966986331182,30770511
2023-12-27,118.94644165039062,121.10739168672275,117.86596304814343,120.63761900471634,16455934
2023-12-28,125.19441986083984,125.85209874894144,118.85248864837703,119.32226133078169,54672874
2023-12-29,121.99996948242188,124.06696638601079,120.54367132205549,121.85902907806909,30650133
2024-01-01,122.42276000976562,124.48975687936576,122.14089354201923,124.11394447991995,18629028
2024-01-02,122.65764617919922,123.50323124498168,120.82553564578788,123.08043871209044,17271309
2024-01-03,124.67765808105469,125.7581437747144,122.42275510212541,122.65764142644402,24221613
2024-01-04,123.26834869384766,124.01998785111934,121.0134455583571,124.01998785111934,23880980
2024-01-05,124.67765808105469,126.46280274767024,123.59718672371847,124.77161834531154,21903222
2024-01-08,124.63069152832031,127.87213462615408,124.25487910299252,125.89908355237048,26199907
2024-01-09,123.92603302001953,126.7446692312678,123.59720073050231,126.7446692312678,15051378
2024-01-10,122.65764617919922,123.08043871209044,120.73157537789025,123.03345857814163,17547639
2024-01-11,125.19441986083984,125.80511861343608,123.17440306102965,123.40928940223198,21653666
2024-01-12,127.12049102783203,127.63724384696917,124.72464747461407,125.38232636427745,24471509
2024-01-15,129.3284149169922,129.6572615322197,127.0265316193735,128.20096333615086,22824583
2024-01-16,134.91871643066406,135.62337543499623,129.18748412756602,129.8921431318982,54350562
2024-01-17,135.3885040283203,136.60990163477624,132.99266028215743,134.35499830681454,43031636
2024-01-18,135.76429748535156,136.844768858837,131.44238331876244,135.1066186346942,26958686
2024-01-19,139.6634063720703,140.2741194331266,135.1066201624485,136.3280319482372,23970656
2024-01-23,130.54983520507812,142.62299976817698,129.51634382933065,142.3411332706729,38167576
2024-01-24,134.7777862548828,136.46897086087122,129.70424677324283,130.5498319080744,40122151
2024-01-25,135.01266479492188,137.07966171093335,133.41544055692776,137.07966171093335,38252600
2024-01-29,137.831298828125,139.42852304253816,134.82475660046654,135.0126628016344,28420760
2024-01-30,138.77085876464844,142.99881324903308,137.64340710274433,139.42853770606536,41378967
2024-01-31,138.06617736816406,141.0257536306699,137.26757247421045,138.86479659844105,27393172
2024-02-01,140.69692993164062,141.5894952342256,138.16016010564746,139.5224981292062,27883335
2024-02-02,153.0519256591797,156.71616097942368,141.9183223087612,142.71692722252652,94675914
2024-02-05,163.4339141845703,166.48743663595556,154.74311951524305,157.79664196662833,101043319
2024-02-06,173.3461151123047,174.75543312134783,160.99109963422293,165.87673253164095,97077698
2024-02-07,175.17823791503906,181.0034165594409,173.86288008241854,176.82244237397728,82890137
2024-02-08,180.76852416992188,184.90253241610122,175.4600985429125,176.54056998816495,83103687
2024-02-09,171.46702575683594,182.1308711754209,167.00418536042514,181.70806430038576,84137345
2024-02-12,164.79624938964844,173.20519177867027,162.68227234273053,171.4670271388969,54071070
2024-02-13,163.9036865234375,166.72232262645903,161.93064985311716,164.37345920727444,37121416
2024-02-14,172.45355224609375,173.20519139504242,160.56829494017393,162.54134591412364,52764452
2024-02-15,178.37269592285156,179.7820139912344,172.40657703216763,173.81589510055048,70678699
2024-02-16,175.69497680664062,182.36575438783947,174.89635754117174,178.51361279819102,54056644
2024-02-19,177.10430908203125,179.35921232255092,175.13125799433266,177.1982693571884,30664067
2024-02-20,177.3391876220703,178.2317528514463,172.68844093315377,176.1647559159639,34936800
2024-02-21,171.2791290283203,179.17130464185865,170.15167741728985,178.13781330521618,22131487
2024-02-22,168.83628845214844,170.52747286852247,164.79624077312258,170.52747286852247,39618423
2024-02-23,165.21905517578125,169.77584151166124,164.4674160301371,168.8362961636871,31342100
2024-02-26,166.76930236816406,167.99071421051977,162.11855567642948,165.26602404890713,36264939
2024-02-27,162.7762451171875,167.56793252616302,161.6957736114016,166.7693131792253,27603342
2024-02-28,157.27989196777344,162.96414442344306,156.6222130644792,162.07157917352052,35971734
2024-02-29,155.541748046875,158.2664240460861,154.41429640362645,157.27989848212158,52797150
2024-03-01,159.1589813232422,161.41389883258515,157.27989056695208,157.79664339219678,33401242
2024-03-04,164.6553192138672,165.7827707435019,160.1924788928066,161.7897030878161,28643745
2024-03-05,165.21905517578125,166.5813930630789,163.99764335615004,165.78277378277116,21719198
2024-03-06,166.62838745117188,167.42699246346817,161.6957739523708,165.54790160678206,37730619
2024-03-07,164.0446319580078,167.56792719476636,163.48089898559644,166.62838179829743,17880714
2024-03-11,163.71578979492188,166.7693124166349,161.6957728720111,163.43392330103714,22843402
2024-03-12,162.4473876953125,165.2660237872126,161.08504978482569,164.4204386941724,20208400
2024-03-13,153.47474670410156,163.38693919726362,151.97146833075112,162.54135407245715,26725350
2024-03-14,160.0515594482422,161.038070617277,150.89099209450754,151.50169085022668,25912125
2024-03-15,151.2667999267578,158.50129618642487,144.31417013670358,155.96452663255775,108719847
2024-03-18,151.0789031982422,153.38078656114442,150.46819008640279,152.72310764836166,22670787
2024-03-19,145.8644256591797,149.29376068893947,144.92488024430574,149.29376068893947,50547948
2024-03-20,148.68304443359375,148.96491089220177,145.62952219404127,146.56906749851896,23956154
2024-03-21,154.5552215576172,154.79010791256798,150.13936095180748,151.26681258830618,26756447
2024-03-22,155.16592407226562,157.04501495699824,153.66265996627496,155.68267693283224,25141774
2024-03-26,157.32687377929688,158.54828566203236,153.66265246741548,154.41429165189308,21189137
2024-03-27,156.15243530273438,161.0850484218228,155.3538303519147,158.7831651668464,31466480
2024-03-28,157.60873413085938,159.252938510764,156.6222086356517,156.66918877091388,17007401
2024-04-01,159.01805114746094,160.89714185525958,158.54827847051126,159.6757300279256,14548989
2024-04-02,163.66879272460938,163.95065918933435,159.06502636728945,159.15897229798182,29081495
2024-04-03,163.1990203857422,164.60833837583723,162.6822675887759,163.6687930491072,18996701
2024-04-04,159.3938751220703,164.37346872638216,158.83015647061498,163.48090344266717,17913673
2024-04-05,157.84361267089844,158.64223192191758,154.64916433946928,158.59525178897698,26551221
2024-04-08,160.0045928955078,161.4608912093013,158.5482945817143,158.7831809440576,14541348
2024-04-09,158.68919372558594,160.52131850990352,157.84360869922656,160.19247192391745,10074537
2024-04-10,162.5883331298828,163.6688045973292,158.68921114704267,158.78317142087496,26458888
2024-04-12,159.8636474609375,162.96415021386255,159.48783502750888,162.49437750391408,23635268
2024-04-15,156.34034729003906,159.67573629454697,152.81705207464162,156.71617404814307,30165832
2024-04-16,158.78317260742188,160.47435719476593,155.49476370726816,156.34034883277766,19347109
2024-04-18,158.78317260742188,164.5144052822198,157.89060734464516,161.88367529483182,29756025
2024-04-19,156.57522583007812,157.37384510694153,152.39425191688989,153.6156637312534,28613815
2024-04-22,160.56829833984375,161.78971019070542,158.31339518157958,159.67573310371105,19022799
2024-04-23,157.93759155273438,163.1990373267984,157.79665113730002,163.1990373267984,19730937
2024-04-24,158.5482940673828,160.28645887761482,157.4208423990577,159.1589928729639,17496649
2024-04-25,159.91061401367188,160.66225315299752,158.5482761378265,159.20595500861486,14757776
2024-04-26,161.17901611328125,162.1655416497874,159.5817918017749,160.38039678936553,17306072
2024-04-29,166.06463623046875,167.23906788697843,161.78970213350874,162.54134126093973,40527426
2024-04-30,158.64224243164062,168.93026142894993,157.70269705588044,168.64839494895693,67530236
2024-05-02,162.9171600341797,164.04462593762483,158.0785071544716,161.60180226192637,60555113
2024-05-03,160.4273681640625,164.32647562356416,159.15897620978762,164.2325296905628,30968452
2024-05-06,156.1994171142578,161.6018029693374,155.1189456777717,161.4608768989521,28686100
2024-05-07,150.32725524902344,158.03152421327104,149.85748257637024,157.3738453388214,40995072
2024-05-08,153.2868194580078,154.36730522174804,149.99841070426046,151.73657535148527,28458714
2024-05-09,147.1328125,153.1458972079925,146.61605967283077,153.1458972079925,27225782
2024-05-10,149.34072875976562,150.4681802992478,146.14628034184543,148.91793622450032,24021566
2024-05-13,148.63607788085938,150.9849413566515,145.39464915153124,150.1863363766771,28720880
2024-05-14,149.71656799316406,150.9849457048245,147.55561066593754,148.63608216138812,17592865
2024-05-15,152.01844787597656,152.7700870597247,150.09237694772355,150.8909962685169,17906679
2024-05-16,153.00497436523438,154.46125826846531,151.40773571366157,153.19288057826498,23017120
2024-05-17,154.13241577148438,154.64916857533757,152.8170436947377,153.00496423164734,13305287
2024-05-21,156.81011962890625,158.21943771186105,153.66265117876884,155.02498912502682,26148240
2024-05-22,156.8571014404297,158.03153318876522,154.32033173128994,158.03153318876522,20053145
2024-05-23,157.79664611816406,159.1120182720853,156.62221437519423,157.37385355795993,17423296
2024-05-24,158.5952606201172,160.14550473921418,157.18594257136553,157.74966118907147,17579600
2024-05-27,158.68919372558594,160.14549179215896,156.71615721863964,158.87711425261992,14367479
2024-05-28,156.95106506347656,159.5348149649407,155.7766332900838,158.8771360391058,12934677
2024-05-29,155.07196044921875,156.81011071762495,154.55520764756997,155.96452565043535,12374782
2024-05-30,152.1593780517578,155.25988080807986,151.59565940099725,154.7431279593053,13980050
2024-05-31,152.58216857910156,153.85056061488413,151.3137908796442,153.52171398743673,34520338
2024-06-03,164.7023162841797,165.73580765248482,157.84363179715717,160.47436186104156,62214295
2024-06-04,145.15975952148438,166.29953032558404,139.99225999159336,166.29953032558404,88989411
2024-06-05,149.6226043701172,150.2333031432203,138.8648124490755,148.9179453228482,36919071
2024-06-06,153.70962524414062,157.93757932600644,152.34727301536884,154.0854376502212,35722401
2024-06-07,154.27334594726562,154.60219255929292,151.6426160600209,153.80357326512637,33444357
2024-06-10,155.2222900390625,156.34033693753446,154.17939415091007,155.68265807480861,19825323
2024-06-11,157.54296875,158.78317558273326,154.36731498704657,155.87057905349027,28559865
2024-06-12,158.63284301757812,160.88776059532626,158.32279131302556,158.7831737233597,28047986
2024-06-13,158.73619079589844,159.9106225335661,157.89060567930767,159.72271632280427,17279580
2024-06-14,160.06094360351562,161.6957576450355,158.93349207047476,158.9710675758357,22000973
2024-06-18,159.33749389648438,161.50784138066018,158.78316557572487,161.50784138066018,17723479
2024-06-19,156.669189453125,160.0045783627203,156.01151056556418,159.72271188624438,18053095
2024-06-20,158.75497436523438,159.45963335744452,156.05848387600057,157.23291552968413,15794096
2024-06-21,156.54705810546875,159.25295358587962,156.2088211704174,158.96169679053764,19269862
2024-06-24,156.24639892578125,157.55236642521663,154.75252521837507,156.54704599126958,13445384
2024-06-25,154.4330596923828,157.03560424348612,154.13241264480968,156.88527355153764,14775324
2024-06-26,154.33912658691406,155.25048677013567,154.0854453152119,155.1659167886849,10441389
2024-06-27,153.69082641601562,154.91223820921485,152.37545435552263,154.55520639708726,24654739
2024-06-28,155.6168975830078,156.56583320515483,153.8975279088872,153.99147384008526,15335579
2024-07-01,157.524169921875,157.796631753458,155.60748946348744,155.9645212684726,19014104
2024-07-02,158.12548828125,159.45025069067685,156.9134667283447,157.84362180362146,31012683
2024-07-03,159.0744171142578,159.53479948583563,157.60872869708632,159.15897275301987,20184032
2024-07-04,159.88243103027344,160.94412186699057,158.9522759695485,159.81667031043952,26156046
2024-07-05,160.92532348632812,161.5454268468143,159.45024476843417,160.56829167217109,26431264
2024-07-08,159.7884979248047,162.36284322394238,159.48783650621388,161.79912456857286,30322381
2024-07-09,161.291748046875,162.2594786076655,160.1924817109185,160.93471622728555,28600182
2024-07-10,161.50784301757812,162.06218568028046,157.09198265543694,161.88366976655638,34673112
2024-07-11,163.89430236816406,165.1720846895024,161.8366956420955,162.4473944194224,55143055
2024-07-12,163.5027618408203,165.66596955111442,162.59246264844964,164.922068654048,35355791
2024-07-15,166.10643005371094,166.71331109084576,162.87630786189365,163.9530202377224,32915517
2024-07-16,167.12442016601562,168.65138326225858,165.66596698528645,165.91067299265023,33837471
2024-07-18,166.01834106445312,168.0249332736694,165.08846124135363,166.4000818312274,22673600
2024-07-19,161.985595703125,167.2810224066732,161.65278417852568,167.2810224066732,26361146
2024-07-22,164.62841796875,165.42126305284646,160.40968873858867,161.9855960432053,17140562
2024-07-23,162.30860900878906,165.7638566650634,157.25787339255135,165.7638566650634,21714840
2024-07-24,165.2156982421875,165.66596385893425,162.05410086869858,162.3086046703825,16076455
2024-07-25,173.1050262451172,173.79998290456547,163.01333849987674,163.35593286597228,75894556
2024-07-26,172.81138610839844,175.13119428847102,171.8325620748597,174.5634745567382,27261949
2024-07-29,176.570068359375,177.85232546483616,174.23067949615123,174.23067949615123,42913186
2024-07-30,179.0758514404297,182.03190416229816,174.53410858585377,176.18832356907043,75819147
2024-07-31,177.8229522705078,180.93562032174577,176.26662571272323,179.61420196246826,32726809
2024-08-01,175.92404174804688,178.62560567602304,174.10342842358585,178.1459765162536,26184112
2024-08-02,173.53570556640625,175.49335362482014,170.94182786327556,174.23067719883772,27097002
2024-08-05,166.9775848388672,171.17674821976263,163.45382735250305,168.357730282136,37579908
2024-08-06,163.473388671875,170.70689733748645,162.75885134344034,168.35772574324355,18084781
2024-08-07,168.5730743408203,168.84714387225216,165.48978464437732,167.61383098080884,15591095
2024-08-08,166.62521362304688,168.47519047760574,165.6170260477707,168.34795350753407,14932165
2024-08-09,165.5093536376953,169.33655922556207,165.2255012372777,168.45562356224028,14137851
2024-08-12,165.577880859375,167.37891353743933,164.23688174670846,164.44244137011583,11563339
2024-08-13,160.64459228515625,165.11782519510786,159.5580970329545,164.74586729063563,16620160
2024-08-14,160.27264404296875,162.13240363280073,159.64619729248832,161.51573974529063,14369897
2024-08-16,163.6300048828125,163.90407440560585,161.35914098885772,161.75066461122856,10622879
2024-08-19,166.4783935546875,167.19293091777624,165.73449266542178,166.40008583965908,11457875
2024-08-20,168.58285522460938,169.72807752514518,167.40826939859846,168.34794702080865,15526789
2024-08-21,170.20770263671875,171.14738023667672,168.46539713333325,169.33654988502602,15640289
2024-08-22,170.1098175048828,171.77383026434032,169.72807673980387,171.1767470229944,11809546
2024-08-23,169.46380615234375,171.77383142048106,169.01354053466338,169.92385463331337,13815705
2024-08-26,169.7868194580078,170.67753795658535,168.7492534607631,170.31537785206118,8952470
2024-08-27,169.58126831054688,170.93205029208852,168.11303222127808,169.1408004709002,11132430
2024-08-28,170.0706787109375,172.76244484880846,169.56168602287983,169.58126668587005,14449023
2024-08-29,173.09523010253906,173.54549570780074,169.49316500312054,170.2077023309251,21375638
2024-08-30,173.2224884033203,174.9941574937925,172.3904820101839,174.23067595133122,22288432
2024-09-02,174.94520568847656,177.36290211289446,173.26162724874422,175.45419833984576,26940504
2024-09-03,172.40028381347656,175.12141346353692,171.8815082645156,174.81798039931482,11874065
2024-09-04,173.28121948242188,175.89467789015464,172.38070315334937,173.25185595592697,23923887
2024-09-05,177.49993896484375,180.1036143657791,174.14257984442878,174.86690003902834,46162315
2024-09-06,172.89947509765625,177.4510008375084,171.00055410033784,177.2552390197339,31875186
2024-09-09,171.6269989013672,173.45740996242822,169.97278392924184,171.78361432805022,15121584
2024-09-10,171.8325653076172,172.99736831914933,170.85374125566344,172.38070438700416,14875095
2024-09-11,166.14559936523438,174.1230093860496,165.50935477232287,173.24207371668865,29731172
2024-09-12,169.59104919433594,170.0217341652004,166.46861302690786,167.85854138290796,18368650
2024-09-13,169.5225372314453,172.27303038365912,168.7982020677639,169.58126428391444,15061240
2024-09-16,168.18154907226562,170.42304949020104,167.95640879560793,170.1196164358971,8492383
2024-09-17,166.89927673339844,168.30878569890015,166.44902605232764,167.69213672824498,6417946
2024-09-18,164.88290405273438,167.43763535585458,164.05091259274158,166.98738466825125,10726650
2024-09-19,161.54510498046875,166.34135150007168,158.75546556618133,165.3135833218947,19197503
2024-09-20,163.51255798339844,164.19773182055297,161.50596572513408,161.8974893647454,20652037
2024-09-23,166.13580322265625,166.59585172488144,163.46361772565555,164.00197394482012,9393577
2024-09-24,166.29241943359375,167.32997055046658,165.22550478969015,165.58766491351597,10027795
2024-09-25,166.22390747070312,167.32018562815003,164.93185255456666,166.0085649846804,8749024
2024-09-26,167.7312774658203,168.25983584224082,165.03951152634738,166.60563586539908,11349547
2024-09-27,176.19810485839844,176.92244000344152,167.8683179009141,167.96620627629014,52095985
2024-09-30,176.33514404296875,178.59624011121707,172.43942856318213,175.9044740132576,33375167
2024-10-01,175.26821899414062,177.4999364676395,173.51613064638272,176.18831592255427,17390545
2024-10-03,167.70191955566406,172.46878770864754,167.11461917494086,169.55189633857228,25392543
2024-10-04,165.0786590576172,166.87970654070682,162.093257852596,165.9106654189413,25223563
2024-10-07,159.2938232421875,167.17334449886337,158.66737647919996,167.17334449886337,19798152
2024-10-08,160.76206970214844,161.50597061419688,157.35575120460302,158.6184426115619,14948163
2024-10-09,161.25148010253906,165.65618834744402,160.97741056215412,164.23688151999437,20278252
2024-10-10,160.90887451171875,163.6593675235368,160.53691661750779,161.67235602618535,10145184
2024-10-11,159.69512939453125,161.25147090338643,159.1567881438458,160.90887652961484,8750905
2024-10-14,161.9660186767578,162.49457709835627,159.40150441463842,160.67396374625284,14345120
2024-10-15,164.37391662597656,166.05749519787753,162.97420539441333,164.4424414790477,22551022
2024-10-16,164.8241729736328,168.01513384087806,164.06069144750867,164.6871382108841,21433632
2024-10-17,160.80120849609375,165.0297354233407,160.52713896588358,164.44243503822221,13215492
2024-10-18,161.8485565185547,162.4554226271808,158.3150012343128,159.8419643048361,11701011
2024-10-21,156.7292938232422,163.15037686217258,156.36713372329712,161.60384808829795,20627025
2024-10-22,152.02114868164062,157.33617061544996,151.5806808814322,156.61183549942447,15190259
2024-10-23,149.70135498046875,152.24628858959105,146.97042747350793,151.61984178504264,16503290
2024-10-24,150.0243682861328,151.071702266772,149.29025023903873,149.701354553131,8648491
2024-10-25,143.2117462158203,150.68996145699805,142.3699569245192,150.249493615942,20505003
2024-10-28,143.90670776367188,146.5593124231388,141.92947911402712,145.4532514662981,21349891
2024-10-29,141.068115234375,142.02737354296622,137.58350405726912,138.02397188616496,35275184
2024-10-30,140.3633575439453,142.3601668952084,139.23771590282982,140.55913429515596,17388536
2024-10-31,139.59988403320312,141.34218968231573,138.60149423584872,140.3633656126718,18657930
2024-11-01,141.91969299316406,142.41888784174807,139.9718279131957,141.24430206317663,4076745
2024-11-04,135.98800659179688,141.51837096778937,133.47243676268076,141.51837096778937,46651179
2024-11-05,137.81842041015625,138.11207059350383,134.75469655024466,135.06792739532708,18594095
2024-11-06,141.54774475097656,142.0665202963303,138.37634949060396,138.61127263659546,18107864
2024-11-07,141.09747314453125,142.65381465033187,140.0892856228231,141.59668294165687,14637973
2024-11-08,137.3681640625,141.3324044656992,137.03536746892192,140.76468472247615,15316464
2024-11-11,136.47743225097656,137.7205429958525,134.75470727294882,135.86078324611427,17669364
2024-11-12,135.85098266601562,138.95386803278944,135.56713026459306,136.6438426886158,10561738
2024-11-13,133.11029052734375,136.3501958062016,132.63066135666665,135.31264468271274,12503679
2024-11-14,131.9063262939453,133.94228215178845,130.9177193601046,132.63066148257326,17425507
2024-11-18,131.29945373535156,132.94388585913134,130.50660866710763,132.26849489413266,12693551
2024-11-19,130.30105590820312,133.78566722077898,129.84100739872227,132.0042151732389,12696762
2024-11-21,127.94209289550781,130.57511693596652,126.75770927192897,130.30104740806993,15787410
2024-11-22,129.80184936523438,130.28147849515727,127.96165549236228,128.70557128046056,12070416
2024-11-25,133.5115966796875,135.0385747691999,132.31743012385277,132.89494767412495,22201129
2024-11-26,134.0597381591797,134.83300252757104,133.2570953307295,134.39253472604844,9265539
2024-11-27,136.05653381347656,136.7906518016788,132.3859438724655,135.21474458957795,18242345
2024-11-28,134.8330078125,138.1120742308466,134.34359580592104,136.25229964444512,17331637
2024-11-29,135.6943817138672,136.3110307040355,133.9716418412203,134.09889374608707,14012364
2024-12-02,134.73512268066406,135.71394671738713,133.98143892606933,135.29305955071757,16069119
2024-12-03,136.5557403564453,136.79066350961787,134.99941367281082,135.077721390535,13089770
2024-12-04,136.89833068847656,138.11207787364665,136.20335904910968,136.55573630056747,12745610
2024-12-05,136.4872283935547,137.41710825713542,135.13644642047063,137.41710825713542,14056789
2024-12-06,138.953857421875,140.50038615185449,137.32900604630794,137.67158547457691,20687458
2024-12-09,139.31602478027344,140.11865271140093,138.31762009629944,138.95386467171207,16119047
2024-12-10,140.50039672851562,141.38134732967072,138.9244894199746,139.09090265087283,13694082
2024-12-11,140.15780639648438,141.38133635673628,139.913100404434,140.45145657407852,9714837
2024-12-12,138.48402404785156,140.1578197648179,137.88694077287175,139.23772275724212,14929334
2024-12-13,141.18557739257812,142.0273666196051,137.8967281957831,141.67498938653173,36825429
2024-12-16,140.12844848632812,141.88053688790953,139.18877086751377,141.26388791949202,12428446
2024-12-17,137.3485870361328,140.1675899216185,137.03535619570744,139.97182811418688,11896291
2024-12-18,133.81503295898438,137.71074821976956,133.4430750669439,136.20335092567714,12013629
2024-12-19,136.6634063720703,137.32901447942209,130.71215447378063,131.16242009954826,18879012
2024-12-20,134.1772003173828,138.6504183843605,133.70736896324502,136.72213384332625,19545043
2024-12-23,134.86236572265625,136.83959432889492,134.36317087357205,135.15601590151047,12517478
2024-12-24,135.3419952392578,136.50679815950758,134.50020602311946,134.9896180107425,7802858
2024-12-26,134.93089294433594,136.66340065229403,134.20655781517127,135.3713607525343,8620779
2024-12-27,133.36477661132812,135.85098312288318,133.21795897831745,135.12666288580436,6146307
2024-12-30,131.75950622558594,133.93249681568884,131.26031133595083,133.36477707329828,29229520
2024-12-31,133.52139282226562,134.33381857955806,131.3777657537917,131.67141595719508,8243910
2025-01-01,134.13803100585938,134.45126184708198,132.82641046349394,132.92429883529317,4144374
2025-01-02,135.03857421875,135.28328023434702,132.7774780886709,133.52139393491456,10625223
2025-01-03,135.21475219726562,136.8689672134606,134.22614529437132,134.80364789302237,14567050
2025-01-06,130.06614685058594,135.54755266641575,129.2537210823944,135.2147560680732,19711596
2025-01-07,131.4854278564453,133.39413164237138,130.37935197264284,130.66321929261082,13658286
2025-01-08,131.74972534179688,132.63066102749008,130.27169144236655,131.30924256328032,14259056
2025-01-09,129.40052795410156,131.9454762918124,129.20476614404737,131.78886086950155,9734279
2025-01-10,127.52119445800781,130.1835970358502,127.0024189127937,129.40053481842546,12948066
2025-01-13,119.40673828125,125.67121340693724,118.59432003263862,125.31883616770371,30291583
2025-01-14,123.948486328125,124.50641573595374,120.12128818932935,120.39535772751402,17430438
2025-01-15,124.26170349121094,126.14104377406593,123.54716615504783,125.54396053818473,11472116
2025-01-16,124.40853118896484,125.55376096553064,123.87018245978841,125.24053011066269,11843193
2025-01-17,125.35800170898438,125.76910601264174,123.62547897983085,124.3106528192598,24617689
2025-01-20,127.73653411865234,128.40212728057085,124.12467110903856,126.12148046613247,8234561
2025-01-21,128.30426025390625,130.82962813430836,127.88335813933759,128.91112639489322,20272605
2025-01-22,127.75611877441406,129.7920745841036,125.72016296472452,129.40053600396928,9202153
2025-01-23,127.08072662353516,127.92251589349432,126.11168544924406,127.63864855854916,7058477
2025-01-24,125.54396057128906,129.93888569791238,125.19159080251599,128.21616083875827,12630632
2025-01-27,121.54057312011719,125.26010727151858,119.90593884810089,125.26010727151858,18934026
2025-01-28,119.9842529296875,123.18500426302212,119.25991776134963,121.54057957280241,19861475
2025-01-29,121.02180480957031,121.7559228462514,120.29747710437208,120.58133697469562,12017314
2025-01-30,124.42811584472656,125.77889034444087,121.23714735277656,121.7657132355782,17776744
2025-01-31,125.76910400390625,126.12148124936589,123.47865190841857,124.42811240491625,9686000
2025-02-01,122.76410675048828,127.0024165477932,121.97126168429006,126.12148090438835,10535114
2025-02-03,118.39855194091797,121.56993965805977,117.5567626907145,121.48184908128327,26047332
2025-02-04,121.8244400024414,122.03978248765083,119.90594576632046,120.10170758860093,14405748
2025-02-05,123.75272369384766,125.75930849543758,122.80326318005649,122.83262670640718,11469878
2025-02-06,123.35140228271484,125.50481965224952,122.66622844158346,125.33842135766544,9804040
2025-02-07,122.4606704711914,124.06594122372049,121.79506985664268,123.36118675327661,8892600
2025-02-10,120.57154083251953,123.93869778819746,120.25831745067748,122.35300021696517,12773729
2025-02-11,117.91893005371094,121.11968129071973,117.45888157269766,120.57154223308754,14532810
2025-02-12,117.86998748779297,118.63346903366735,114.79648064177654,118.13427415695544,14799271
2025-02-13,117.53719329833984,119.4165336753769,117.40994139287803,118.4377096288574,10136689
2025-02-14,114.7671127319336,118.67261835778785,113.54358274545243,117.94829069678464,12351973
2025-02-17,115.94170379638672,116.28429818242515,111.97747094088444,114.76711794316414,12518983
2025-02-18,116.48005676269531,116.72476276429761,113.8470177957475,115.94170057203644,8678689
2025-02-19,117.33163452148438,117.62527723816355,115.40335006383671,115.60890220586245,9158990
2025-02-20,120.18980407714844,120.34641203937451,116.46048689588365,117.3022686950389,9940851
2025-02-21,118.7607192993164,121.09031776202714,118.27130729277624,119.41652959579993,9657933
2025-02-24,117.67422485351562,118.74113945052164,116.87158945600456,117.70358837925566,8764985
2025-02-25,116.1374740600586,118.15384919657964,115.89276804959401,117.6742275070628,7607411
2025-02-27,113.9546890258789,116.48005675451765,113.63167531150626,115.75572908081935,10709253
2025-02-28,111.08673858642578,113.7491411791345,110.52880918044158,113.54358902617557,24161878
2025-03-03,112.13407897949219,112.90735086272791,108.37539827234785,112.27111374686714,18881646
2025-03-04,115.54039001464844,115.94170398581852,109.54020136711117,110.70499689090683,14145658
2025-03-05,119.66123962402344,119.98425335148521,115.25653141700417,115.5403912864856,19577861
2025-03-06,123.17520904541016,124.19318690543435,121.32523227577839,121.96146937177282,19384187
2025-03-07,122.1963882446289,123.6254778992345,121.08052944854978,123.0871216959355,14763396
2025-03-10,119.01520538330078,122.78368371982067,118.53558371909865,121.37417478423225,12727300
2025-03-11,122.17681121826172,122.59770583641348,117.7916764182658,118.62368279142319,18090217
2025-03-12,122.6368637084961,125.09371411666608,121.55036843693958,122.35300384343915,14079943
2025-03-13,123.0088119506836,123.79187414840365,121.69719135751227,122.35300165409794,10882226
2025-03-17,121.48184967041016,123.33182647003389,120.54217950773099,122.77389707757331,13126112
2025-03-18,121.48184967041016,121.48184967041016,121.48184967041016,121.48184967041016,0
2025-03-19,125.04476928710938,125.19159438453592,122.65643627461913,122.65643627461913,11273526
2025-03-20,126.47386169433594,128.22595016690664,124.72175828609556,125.68100167024217,13947925
2025-03-21,128.7251434326172,130.62406444973172,126.02359447355899,126.52278935443849,42928510
2025-03-24,130.8394012451172,131.48542866452982,128.58810307592302,130.18359096262333,13965745
2025-03-25,128.25531005859375,131.38754393333147,127.68759033509922,131.16241859087182,12380949
2025-03-26,126.35639190673828,130.47724769230206,126.17041294918432,128.1280610317825,16379725
2025-03-27,127.59950256347656,128.1770051630212,125.79846991286135,126.3172454596617,13141045
2025-03-28,124.9958267211914,128.49023570753064,124.80006490063803,127.24712499672899,15396398
2025-04-01,128.46087646484375,128.7153653464823,124.55536304440966,125.28948109771659,12740476
2025-04-02,128.5293731689453,128.71535211303612,125.28946821649144,128.0497589822569,8531198
2025-04-03,128.28466796875,130.3793506810066,127.12966284561563,127.34500531529636,9909642
2025-04-04,127.3841552734375,131.40712252699805,126.15084240533221,130.09550194629844,21497796
2025-04-07,125.3775634765625,126.86538014924315,119.75911576717482,119.85699667431142,24739154
2025-04-08,128.20635986328125,128.93069498049067,125.48523041188457,126.73812390307434,12634136
2025-04-09,128.8328094482422,129.6941793432947,126.0529528868785,129.20476734577284,14769184
2025-04-11,129.0383758544922,129.79207455235547,128.28467715662893,129.69418617342842,10020795
2025-04-15,130.05633544921875,130.57511095581162,129.20476337908866,130.57511095581162,10142685
2025-04-16,130.9960174560547,131.30923336889418,129.50820079697752,130.17380888222345,9200167
2025-04-17,131.45606994628906,131.94548196028444,130.0857073457004,130.6730077367626,10404917
2025-04-21,135.74330139160156,136.74170602593904,131.46584540947558,132.3076346235898,20249817
2025-04-22,135.3811492919922,136.4774274269262,134.29465402052386,136.2033578931927,12648948
2025-04-23,134.73512268066406,136.2327222619968,132.89494364787993,136.00759691553796,12689457
2025-04-24,135.45945739746094,136.37955437865006,134.4023256490098,134.73512223583623,8177419
2025-04-25,131.79864501953125,136.54594737196385,130.0074102511586,135.46923500264856,14663542
2025-04-28,133.59970092773438,134.44149021425025,130.8198292545172,130.97644468821082,10943944
2025-04-29,132.90472412109375,135.32242064317066,132.66001811631406,134.39254081214168,15222917
2025-04-30,134.940673828125,136.93746816598127,133.5605284384341,133.6094726243313,39902398
2025-05-02,139.95225524902344,141.03875051681266,135.18538701522584,136.82980421205852,45858781
2025-05-05,145.41409301757812,146.56911311975207,141.6847759168318,141.92948192014236,47549493
2025-05-06,141.02896118164062,146.62783555602732,140.58849337667823,146.1384235648094,18018626
2025-05-07,141.43028259277344,142.06651220706127,137.03535753498915,137.03535753498915,19316740
2025-05-08,138.00440979003906,143.29005374719367,136.54595656174982,141.47922325938282,12047287
2025-05-09,137.02557373046875,137.86736294696914,134.69596788896726,135.07770864205068,15348575
2025-05-12,139.33560180664062,141.39112323686544,138.7091550466194,140.95065542579363,13526883
2025-05-13,138.6895751953125,139.95225158585424,138.01418424440942,139.3356026210171,9484801
2025-05-14,140.431884765625,140.86256972849122,138.94406805817877,138.98322938334994,9987794
2025-05-15,141.9294891357422,142.9083131987473,140.52977789476643,140.95066507273705,10181275
2025-05-16,141.65541076660156,143.7403106703096,141.3715434420423,141.92948029231252,14529013
2025-05-19,141.6260528564453,142.73212880199003,141.0485502569202,141.92948591939344,6802870
2025-05-20,138.91470336914062,142.72232821617501,138.39592783248662,141.92948314829508,11330045
2025-05-21,140.35357666015625,140.58849980352082,137.5737200075209,138.60148822319553,8705960
2025-05-22,140.2556915283203,141.14642499822554,138.86576316984332,139.57051768057386,7157328
2025-05-23,141.00938415527344,142.3503682663676,139.97183309685,140.24590262414415,9699995
2025-05-26,140.53955078125,141.65540953643102,139.87394269911158,141.00938211615022,5996548
2025-05-27,140.37315368652344,141.06811036384573,139.48242026030061,140.5395519745537,4970656
2025-05-28,141.14642333984375,141.39112934942588,139.6879850815627,140.35357825850474,6390053
2025-05-29,140.65701293945312,141.7630888949081,139.59988117361178,141.1953691538635,7054326
2025-05-30,138.96365356445312,141.3421888709118,138.21975265263546,140.65701501322843,28315951
2025-06-02,140.3437957763672,140.46124988187157,138.46445540994932,138.9636502940125,7051525
2025-06-03,138.05332946777344,140.95065506014856,137.62265945660704,140.8527666865337,7002799
2025-06-04,137.69117736816406,138.40571474292017,136.15443137568838,138.01419109705455,11904779
2025-06-05,136.2914581298828,138.66021040010156,136.0858985197072,137.68138640733338,9478214
2025-06-06,137.79884338378906,138.09249357488363,136.2914609751517,136.2914609751517,5702365
2025-06-09,140.28506469726562,140.4514629871775,137.8477875283156,138.0141858182275,9972191
2025-06-10,139.17898559570312,140.3633542602064,138.9930066478054,140.11864826258702,7906157
2025-06-11,142.0762939453125,144.08288608046647,139.1789833443406,139.38452801504144,28652440
2025-06-12,139.96205139160156,141.70435694481625,138.50359823126536,141.6162514322885,30425949
2025-06-13,137.3681640625,140.1578185888138,134.108678172566,136.0565434155725,23705826
2025-06-16,138.84619140625,139.1887708473949,135.95864863625303,137.03536101852333,15176810
2025-06-17,138.67977905273438,140.43188240073735,138.2099477082784,138.30783608388845,9983651
2025-06-18,137.8380126953125,139.081108510429,136.54595775389598,138.0337745221626,9045315
2025-06-19,135.7335205078125,138.20016113745413,135.40072393673708,137.77925905642567,5943647
2025-06-20,135.7139434814453,136.2131532870995,134.09888983362913,135.36156623920024,33690253
2025-06-23,136.95706176757812,137.20176778451614,133.51159686710352,134.0988972820227,14001242
2025-06-24,139.81521606445312,142.2231296673472,139.1496229160068,141.34217910916547,25393037
2025-06-25,138.9734344482422,140.95066321138947,138.67000138242483,140.27527222712774,15297425
2025-06-26,143.182373046875,143.83818333240413,139.00279039884873,139.09089590966283,24194161
2025-06-27,144.10247802734375,145.15960979502887,142.9083114899033,143.18238102941393,19189378
2025-06-30,143.84799194335938,146.33419851023308,143.3194185814208,144.14162721591413,10645295
2025-07-01,144.024169921875,145.06172102374362,143.09429006278538,143.40750599180717,9899904
2025-07-02,144.77786254882812,145.7958329450388,143.90670977948997,144.86595312495163,7881728
2025-07-03,144.73870849609375,145.6000784454712,144.37654837450086,144.85617753916236,8006482
2025-07-04,148.40928649902344,148.77146152648913,144.7289137251787,146.5299462569111,22612766
2025-07-07,150.4941864013672,151.61982800018316,148.59526549706734,148.80082510384634,24354631
2025-07-08,150.56271362304688,151.6883552396129,149.59367249409723,151.52195695324818,13876094
2025-07-09,147.0683135986328,150.47461711264023,146.91169816598034,150.21034537266766,12440150
2025-07-10,149.10426330566406,149.41747922246336,146.8236015690118,147.55771957685684,14545796
2025-07-11,147.4598388671875,151.71772950830132,147.07809808069018,151.71772950830132,12767735
2025-07-14,146.92149353027344,148.38972958179914,146.4516472401032,147.45983480063063,8021902
2025-07-15,148.19395446777344,148.68336649036934,147.3521651914817,147.36196299076218,4853043
2025-07-16,148.82040405273438,149.4468508559892,147.4402734742168,147.9981954239005,7218210
2025-07-17,147.76327514648438,149.24129398498502,147.43046364092845,149.14340561235056,6727858
2025-07-18,146.88232421875,148.39950437663614,145.45324957027378,147.32279202312503,9017783
2025-07-21,147.87095642089844,147.99819339115876,145.91330832065648,146.35377615607698,5030900
2025-07-22,148.7616729736328,149.2119386023848,147.4598352120343,148.09607979753886,11381024
2025-07-23,149.12384033203125,149.36854632868003,147.52835245446724,148.79102882548068,7597121
2025-07-24,148.0177764892578,149.51537611572707,147.51858159232472,148.80083872937107,5879844
2025-07-25,143.84799194335938,148.52676980455203,143.47603401723,147.8024346156869,11646131
2025-07-28,144.43527221679688,145.49240396689115,143.593482949259,143.84798675719082,6023438
2025-07-29,144.80722045898438,145.0617093142514,143.39771155298865,143.39771155298865,4240012
2025-07-30,145.88392639160156,147.0095829838928,143.15301392835514,144.37654396193082,9331773
2025-07-31,142.53634643554688,144.08289015146153,141.26388718109175,143.44666052423398,11960546
2025-08-01,138.04354858398438,143.192157486635,137.68138848062054,142.25249480340213,8981850
2025-08-04,139.36497497558594,139.87395273505157,136.7612993814605,138.71894750895274,8163596
2025-08-05,138.27847290039062,139.97183426581486,136.4480618345057,139.5020029201967,11034758
2025-08-06,139.25729370117188,140.24590055751008,138.70915465466084,139.47263617453962,7574568
2025-08-07,138.6699981689453,139.97183591766264,137.0353638354739,138.02397072630313,8365458
2025-08-08,139.91000366210938,142.0,139.30999755859375,139.99000549316406,9551412
2025-08-11,141.41000366210938,142.9499969482422,139.35000610351562,141.60000610351562,11260944
2025-08-12,142.64999389648438,143.85000610351562,140.86000061035156,141.11000061035156,12858483
2025-08-13,142.42999267578125,143.39999389648438,141.6999969482422,142.64999389648438,4990372
2025-08-14,140.1300048828125,143.16000366210938,139.86000061035156,143.0,11453732
2025-08-18,140.30999755859375,142.60000610351562,139.25,142.0,11766741
2025-08-19,142.00999450683594,142.1300048828125,138.8000030517578,140.39999389648438,8913748
2025-08-20,141.44000244140625,142.6999969482422,141.2100067138672,142.00999450683594,5531826
2025-08-21,141.44000244140625,142.89999389648438,141.27999877929688,141.64999389648438,8746473
2025-08-22,139.9499969482422,141.8000030517578,139.4499969482422,141.39999389648438,5874783
2025-08-25,139.9600067138672,140.3699951171875,139.19000244140625,139.9499969482422,8282860
2025-08-26,138.9600067138672,140.4199981689453,138.5500030517578,139.5,10846493
2025-08-28,138.49000549316406,139.92999267578125,138.10000610351562,139.0,8420916
2025-08-29,136.6199951171875,139.49000549316406,136.4600067138672,138.49000549316406,10577763
2025-09-01,139.55999755859375,139.74000549316406,136.75999450683594,137.0,6229505
2025-09-02,139.6199951171875,140.66000366210938,139.10000610351562,139.55999755859375,3714758
2025-09-03,140.49000549316406,141.39999389648438,139.50999450683594,139.60000610351562,4902101
2025-09-04,139.67999267578125,141.6999969482422,139.35000610351562,141.17999267578125,4768126
2025-09-05,139.64999389648438,140.6999969482422,138.47000122070312,139.4499969482422,4533550
2025-09-08,140.89999389648438,141.88999938964844,140.0,140.0,5069174
2025-09-09,140.94000244140625,142.10000610351562,140.5,141.13999938964844,3636766
2025-09-10,141.13999938964844,141.7100067138672,140.80999755859375,141.25999450683594,4302236
2025-09-11,143.92999267578125,145.38999938964844,140.8699951171875,141.0500030517578,15031791
2025-09-12,142.61000061035156,145.1999969482422,142.4199981689453,144.97999572753906,9001678
2025-09-15,143.99000549316406,144.19000244140625,142.30999755859375,142.74000549316406,8158591
2025-09-16,144.97999572753906,145.13999938964844,143.82000732421875,144.0500030517578,6389632
2025-09-17,145.94000244140625,147.24000549316406,144.9199981689453,145.0399932861328,9549049
2025-09-18,147.14999389648438,147.27000427246094,145.50999450683594,146.0500030517578,8002633
2025-09-19,148.5,149.9499969482422,146.72999572753906,146.99000549316406,14995288
2025-09-22,148.3000030517578,149.10000610351562,147.25999450683594,148.5,9720233
2025-09-23,148.24000549316406,149.13999938964844,147.5500030517578,148.08999633789062,7296186
2025-09-24,146.77000427246094,148.88999938964844,146.50999450683594,148.02999877929688,6288775
2025-09-25,146.22000122070312,148.1300048828125,145.74000549316406,146.02000427246094,8605676
2025-09-26,145.0399932861328,146.22000122070312,143.8000030517578,146.02000427246094,11925305
2025-09-29,149.30999755859375,149.9499969482422,145.0399932861328,145.0399932861328,16918652
2025-09-30,149.7899932861328,151.25,149.0,150.0399932861328,13201863
2025-10-01,149.6999969482422,151.97999572753906,149.00999450683594,150.39999389648438,7658596
2025-10-03,150.38999938964844,150.83999633789062,148.63999938964844,150.0,5989839
2025-10-06,154.83999633789062,155.2899932861328,150.52000427246094,150.97999572753906,18473741
2025-10-07,154.3699951171875,155.75,153.8000030517578,154.75999450683594,11389659
2025-10-08,153.57000732421875,156.27999877929688,153.3800048828125,154.0,9953844
2025-10-09,155.25,157.1999969482422,153.3300018310547,154.02000427246094,13999206
2025-10-10,154.11000061035156,156.99000549316406,153.6999969482422,155.50999450683594,7992863
2025-10-13,155.25999450683594,155.6999969482422,152.1199951171875,153.7100067138672,11375913
2025-10-14,152.80999755859375,156.77999877929688,152.60000610351562,155.74000549316406,5976061
2025-10-15,153.69000244140625,154.9499969482422,152.8300018310547,153.24000549316406,19147599
2025-10-16,153.6699981689453,154.5,152.10000610351562,153.89999389648438,7119984
2025-10-17,152.91000366210938,154.60000610351562,152.02999877929688,153.75,7126668
2025-10-20,153.85000610351562,154.35000610351562,152.7100067138672,153.3000030517578,5564426
2025-10-21,154.1300048828125,155.0,153.6999969482422,153.89999389648438,1188949
2025-10-23,150.1199951171875,154.0,149.80999755859375,154.0,13612250
2025-10-24,150.3699951171875,151.2899932861328,149.14999389648438,150.0,8519673
2025-10-27,155.1999969482422,155.3699951171875,151.1300048828125,151.3000030517578,16809115
2025-10-28,154.52000427246094,157.47999572753906,153.4499969482422,156.39999389648438,22709449
2025-10-29,163.08999633789062,163.72999572753906,155.0,155.0,58449093
2025-10-30,163.50999450683594,167.10000610351562,162.14999389648438,163.08999633789062,33405636
2025-10-31,165.89999389648438,166.91000366210938,163.08999633789062,163.50999450683594,25385134
2025-11-03,167.72999572753906,168.6999969482422,165.89999389648438,167.0,19190570
2025-11-04,169.25,170.14999389648438,167.1300048828125,168.0,23469790
2025-11-05,169.25,169.25,169.25,169.25,0
2025-11-06,168.3699951171875,170.02999877929688,167.35000610351562,170.02000427246094,19729771
2025-11-07,169.16000366210938,169.5500030517578,166.10000610351562,167.2100067138672,12104934
2025-11-10,169.38999938964844,171.38999938964844,168.5,169.13999938964844,12402893
2025-11-11,172.44000244140625,173.49000549316406,167.32000732421875,168.89999389648438,20113006
2025-11-12,172.3000030517578,174.5,171.50999450683594,172.6999969482422,16003745
2025-11-13,172.4499969482422,174.4499969482422,171.4499969482422,172.69000244140625,11618468
2025-11-14,171.25,174.2100067138672,170.39999389648438,172.39999389648438,11051895
2025-11-17,173.1199951171875,174.39999389648438,171.16000366210938,171.16000366210938,13233156
2025-11-18,171.58999633789062,174.0,169.8000030517578,173.5,17543851
2025-11-19,169.3300018310547,172.22999572753906,168.85000610351562,171.50999450683594,10315121
2025-11-20,168.6999969482422,170.6999969482422,168.13999938964844,170.10000610351562,9529662
2025-11-21,167.35000610351562,168.61000061035156,166.1999969482422,168.0,9261908
2025-11-24,165.69000244140625,167.80999755859375,165.0500030517578,167.0,16397744
2025-11-25,164.1199951171875,165.39999389648438,163.08999633789062,164.89999389648438,9625540
2025-11-26,165.58999633789062,166.0,163.57000732421875,164.1199951171875,5855993
2025-11-27,163.80999755859375,166.0,162.5500030517578,165.58999633789062,4631417
2025-11-28,161.75,163.6999969482422,161.5,163.5,5937318
2025-12-01,162.97000122070312,164.44000244140625,162.02999877929688,162.02999877929688,10208196
2025-12-02,162.33999633789062,165.1199951171875,161.72999572753906,163.50999450683594,13246040
